"id","engineManufacturerId","name","fullName","capacity","configuration","aspiration"
"acer-01a-30-v10","acer","01A","Acer 01A 3.0 V10",3.0,"V10","NATURALLY_ASPIRATED"
"alfa-romeo-115-12-30-f12","alfa-romeo","115-12","Alfa Romeo 115-12 3.0 F12",3.0,"F12","NATURALLY_ASPIRATED"
"alfa-romeo-1260-30-v12","alfa-romeo","1260","Alfa Romeo 1260 3.0 V12",3.0,"V12","NATURALLY_ASPIRATED"
"alfa-romeo-158-15-l8-s","alfa-romeo","158","Alfa Romeo 158 1.5 L8 S",1.5,"L8","SUPERCHARGED"
"alfa-romeo-890t-15-v8-t","alfa-romeo","890T","Alfa Romeo 890T 1.5 V8 T",1.5,"V8","TURBOCHARGED"
"alfa-romeo-giulietta-15-l4","alfa-romeo","Giulietta","Alfa Romeo Giulietta 1.5 L4",1.5,"L4","NATURALLY_ASPIRATED"
"alfa-romeo-t33-30-v8","alfa-romeo","T33","Alfa Romeo T33 3.0 V8",3.0,"V8","NATURALLY_ASPIRATED"
"alta-15-l4-s","alta","Alta","Alta 1.5 L4 S",1.5,"L4","SUPERCHARGED"
"alta-f2-20-l4","alta","F2","Alta F2 2.0 L4",2.0,"L4","NATURALLY_ASPIRATED"
"alta-gp-25-l4","alta","GP","Alta GP 2.5 L4",2.5,"L4","NATURALLY_ASPIRATED"
"arrows-a20e-30-v10","arrows","A20E","Arrows A20E 3.0 V10",3.0,"V10","NATURALLY_ASPIRATED"
"arrows-t2-f1-30-v10","arrows","T2-F1","Arrows T2-F1 3.0 V10",3.0,"V10","NATURALLY_ASPIRATED"
"asiatech-001-30-v10","asiatech","001","Asiatech 001 3.0 V10",3.0,"V10","NATURALLY_ASPIRATED"
"asiatech-at02-30-v10","asiatech","AT02","Asiatech AT02 3.0 V10",3.0,"V10","NATURALLY_ASPIRATED"
"aston-martin-rb6-25-l6","aston-martin","RB6","Aston Martin RB6 2.5 L6",2.5,"L6","NATURALLY_ASPIRATED"
"ats-100-15-v8","ats","100","ATS 100 1.5 V8",1.5,"V8","NATURALLY_ASPIRATED"
"ats-27-v8","ats","ATS","ATS 2.7 V8",2.7,"V8","NATURALLY_ASPIRATED"
"bmw-328-20-l6","bmw","328","BMW 328 2.0 L6",2.0,"L6","NATURALLY_ASPIRATED"
"bmw-e41-30-v10","bmw","E41","BMW E41 3.0 V10",3.0,"V10","NATURALLY_ASPIRATED"
"bmw-m10-20-l4","bmw","M10","BMW M10 2.0 L4",2.0,"L4","NATURALLY_ASPIRATED"
"bmw-m12-1-16-l4","bmw","M12/1","BMW M12/1 1.6 L4",1.6,"L4","NATURALLY_ASPIRATED"
"bmw-m12-13-1-15-l4-t","bmw","M12/13/1","BMW M12/13/1 1.5 L4 T",1.5,"L4","TURBOCHARGED"
"bmw-m12-13-15-l4-t","bmw","M12/13","BMW M12/13 1.5 L4 T",1.5,"L4","TURBOCHARGED"
"bmw-p80-30-v10","bmw","P80","BMW P80 3.0 V10",3.0,"V10","NATURALLY_ASPIRATED"
"bmw-p82-30-v10","bmw","P82","BMW P82 3.0 V10",3.0,"V10","NATURALLY_ASPIRATED"
"bmw-p83-30-v10","bmw","P83","BMW P83 3.0 V10",3.0,"V10","NATURALLY_ASPIRATED"
"bmw-p84-30-v10","bmw","P84","BMW P84 3.0 V10",3.0,"V10","NATURALLY_ASPIRATED"
"bmw-p84-5-30-v10","bmw","P84/5","BMW P84/5 3.0 V10",3.0,"V10","NATURALLY_ASPIRATED"
"bmw-p86-24-v8","bmw","P86","BMW P86 2.4 V8",2.4,"V8","NATURALLY_ASPIRATED"
"bmw-p86-7-24-v8","bmw","P86/7","BMW P86/7 2.4 V8",2.4,"V8","NATURALLY_ASPIRATED"
"bmw-p86-8-24-v8","bmw","P86/8","BMW P86/8 2.4 V8",2.4,"V8","NATURALLY_ASPIRATED"
"bmw-p86-9-24-v8","bmw","P86/9","BMW P86/9 2.4 V8",2.4,"V8","NATURALLY_ASPIRATED"
"borgward-1500-rs-15-l4","borgward","1500 RS","Borgward 1500 RS 1.5 L4",1.5,"L4","NATURALLY_ASPIRATED"
"bpm-20-l4","bpm","BPM","BPM 2.0 L4",2.0,"L4","NATURALLY_ASPIRATED"
"bristol-bs1-20-l6","bristol","BS1","Bristol BS1 2.0 L6",2.0,"L6","NATURALLY_ASPIRATED"
"bristol-bs2-22-l6","bristol","BS2","Bristol BS2 2.2 L6",2.2,"L6","NATURALLY_ASPIRATED"
"brm-p101-30-v12","brm","P101","BRM P101 3.0 V12",3.0,"V12","NATURALLY_ASPIRATED"
"brm-p111-21-v8","brm","P111","BRM P111 2.1 V8",2.1,"V8","NATURALLY_ASPIRATED"
"brm-p142-30-v12","brm","P142","BRM P142 3.0 V12",3.0,"V12","NATURALLY_ASPIRATED"
"brm-p15-15-v16-s","brm","P15","BRM P15 1.5 V16 S",1.5,"V16","SUPERCHARGED"
"brm-p200-30-v12","brm","P200","BRM P200 3.0 V12",3.0,"V12","NATURALLY_ASPIRATED"
"brm-p202-30-v12","brm","P202","BRM P202 3.0 V12",3.0,"V12","NATURALLY_ASPIRATED"
"brm-p25-25-l4","brm","P25","BRM P25 2.5 L4",2.5,"L4","NATURALLY_ASPIRATED"
"brm-p56-15-v8","brm","P56","BRM P56 1.5 V8",1.5,"V8","NATURALLY_ASPIRATED"
"brm-p60-19-v8","brm","P60","BRM P60 1.9 V8",1.9,"V8","NATURALLY_ASPIRATED"
"brm-p60-20-v8","brm","P60","BRM P60 2.0 V8",2.0,"V8","NATURALLY_ASPIRATED"
"brm-p60-21-v8","brm","P60","BRM P60 2.1 V8",2.1,"V8","NATURALLY_ASPIRATED"
"brm-p75-30-h16","brm","P75","BRM P75 3.0 H16",3.0,"H16","NATURALLY_ASPIRATED"
"brm-p80-10-l4","brm","P80","BRM P80 1.0 L4",1.0,"L4","NATURALLY_ASPIRATED"
"bugatti-25-l8","bugatti","Bugatti","Bugatti 2.5 L8",2.5,"L8","NATURALLY_ASPIRATED"
"butterworth-20-f4","butterworth","Butterworth","Butterworth 2.0 F4",2.0,"F4","NATURALLY_ASPIRATED"
"bwt-mercedes-16-v6-t-h","bwt-mercedes","BWT Mercedes","BWT Mercedes 1.6 V6 T H",1.6,"V6","TURBOCHARGED_HYBRID"
"castellotti-25-l4","castellotti","Castellotti","Castellotti 2.5 L4",2.5,"L4","NATURALLY_ASPIRATED"
"climax-fpe-30-v8","climax","FPE","Climax FPE 3.0 V8",3.0,"V8","NATURALLY_ASPIRATED"
"climax-fpf-15-l4","climax","FPF","Climax FPF 1.5 L4",1.5,"L4","NATURALLY_ASPIRATED"
"climax-fpf-20-l4","climax","FPF","Climax FPF 2.0 L4",2.0,"L4","NATURALLY_ASPIRATED"
"climax-fpf-22-l4","climax","FPF","Climax FPF 2.2 L4",2.2,"L4","NATURALLY_ASPIRATED"
"climax-fpf-25-l4","climax","FPF","Climax FPF 2.5 L4",2.5,"L4","NATURALLY_ASPIRATED"
"climax-fpf-28-l4","climax","FPF","Climax FPF 2.8 L4",2.8,"L4","NATURALLY_ASPIRATED"
"climax-fwb-15-l4","climax","FWB","Climax FWB 1.5 L4",1.5,"L4","NATURALLY_ASPIRATED"
"climax-fwmv-15-v8","climax","FWMV","Climax FWMV 1.5 V8",1.5,"V8","NATURALLY_ASPIRATED"
"climax-fwmv-20-v8","climax","FWMV","Climax FWMV 2.0 V8",2.0,"V8","NATURALLY_ASPIRATED"
"cosworth-ca2006-24-v8","cosworth","CA2006","Cosworth CA2006 2.4 V8",2.4,"V8","NATURALLY_ASPIRATED"
"cosworth-ca2010-24-v8","cosworth","CA2010","Cosworth CA2010 2.4 V8",2.4,"V8","NATURALLY_ASPIRATED"
"cosworth-ca2011-24-v8","cosworth","CA2011","Cosworth CA2011 2.4 V8",2.4,"V8","NATURALLY_ASPIRATED"
"cosworth-ca2011k-24-v8","cosworth","CA2011K","Cosworth CA2011K 2.4 V8",2.4,"V8","NATURALLY_ASPIRATED"
"cosworth-ca2012-24-v8","cosworth","CA2012","Cosworth CA2012 2.4 V8",2.4,"V8","NATURALLY_ASPIRATED"
"cosworth-ca2013-24-v8","cosworth","CA2013","Cosworth CA2013 2.4 V8",2.4,"V8","NATURALLY_ASPIRATED"
"cosworth-ck2004-30-v10","cosworth","CK2004","Cosworth CK2004 3.0 V10",3.0,"V10","NATURALLY_ASPIRATED"
"cosworth-cr-2-30-v10","cosworth","CR-2","Cosworth CR-2 3.0 V10",3.0,"V10","NATURALLY_ASPIRATED"
"cosworth-cr-3-30-v10","cosworth","CR-3","Cosworth CR-3 3.0 V10",3.0,"V10","NATURALLY_ASPIRATED"
"cosworth-cr-3l-30-v10","cosworth","CR-3L","Cosworth CR-3L 3.0 V10",3.0,"V10","NATURALLY_ASPIRATED"
"cosworth-cr-4-30-v10","cosworth","CR-4","Cosworth CR-4 3.0 V10",3.0,"V10","NATURALLY_ASPIRATED"
"cosworth-cr-5-30-v10","cosworth","CR-5","Cosworth CR-5 3.0 V10",3.0,"V10","NATURALLY_ASPIRATED"
"cosworth-cr-6-30-v10","cosworth","CR-6","Cosworth CR-6 3.0 V10",3.0,"V10","NATURALLY_ASPIRATED"
"cosworth-tj2005-30-v10","cosworth","TJ2005","Cosworth TJ2005 3.0 V10",3.0,"V10","NATURALLY_ASPIRATED"
"cosworth-tj2006-30-v10","cosworth","TJ2006","Cosworth TJ2006 3.0 V10",3.0,"V10","NATURALLY_ASPIRATED"
"cummins-30-l6-s","cummins","Cummins","Cummins 3.0 L6 S",3.0,"L6","SUPERCHARGED"
"de-tomaso-15-f8","de-tomaso","De Tomaso","De Tomaso 1.5 F8",1.5,"F8","NATURALLY_ASPIRATED"
"emw-6-20-l6","emw","6","EMW 6 2.0 L6",2.0,"L6","NATURALLY_ASPIRATED"
"era-15-l6-s","era","ERA","ERA 1.5 L6 S",1.5,"L6","SUPERCHARGED"
"european-30-v10","european","European","European 3.0 V10",3.0,"V10","NATURALLY_ASPIRATED"
"ferrari-001-1-30-f12","ferrari","001/1","Ferrari 001/1 3.0 F12",3.0,"F12","NATURALLY_ASPIRATED"
"ferrari-001-11-30-f12","ferrari","001/11","Ferrari 001/11 3.0 F12",3.0,"F12","NATURALLY_ASPIRATED"
"ferrari-001-30-f12","ferrari","001","Ferrari 001 3.0 F12",3.0,"F12","NATURALLY_ASPIRATED"
"ferrari-015-30-f12","ferrari","015","Ferrari 015 3.0 F12",3.0,"F12","NATURALLY_ASPIRATED"
"ferrari-021-15-v6-t","ferrari","021","Ferrari 021 1.5 V6 T",1.5,"V6","TURBOCHARGED"
"ferrari-031-15-v6-t","ferrari","031","Ferrari 031 1.5 V6 T",1.5,"V6","TURBOCHARGED"
"ferrari-032-15-v6-t","ferrari","032","Ferrari 032 1.5 V6 T",1.5,"V6","TURBOCHARGED"
"ferrari-033d-15-v6-t","ferrari","033D","Ferrari 033D 1.5 V6 T",1.5,"V6","TURBOCHARGED"
"ferrari-033e-15-v6-t","ferrari","033E","Ferrari 033E 1.5 V6 T",1.5,"V6","TURBOCHARGED"
"ferrari-035-5-35-v12","ferrari","035/5","Ferrari 035/5 3.5 V12",3.5,"V12","NATURALLY_ASPIRATED"
"ferrari-036-35-v12","ferrari","036","Ferrari 036 3.5 V12",3.5,"V12","NATURALLY_ASPIRATED"
"ferrari-037-35-v12","ferrari","037","Ferrari 037 3.5 V12",3.5,"V12","NATURALLY_ASPIRATED"
"ferrari-038-35-v12","ferrari","038","Ferrari 038 3.5 V12",3.5,"V12","NATURALLY_ASPIRATED"
"ferrari-040-35-v12","ferrari","040","Ferrari 040 3.5 V12",3.5,"V12","NATURALLY_ASPIRATED"
"ferrari-041-35-v12","ferrari","041","Ferrari 041 3.5 V12",3.5,"V12","NATURALLY_ASPIRATED"
"ferrari-043-35-v12","ferrari","043","Ferrari 043 3.5 V12",3.5,"V12","NATURALLY_ASPIRATED"
"ferrari-044-1-30-v12","ferrari","044/1","Ferrari 044/1 3.0 V12",3.0,"V12","NATURALLY_ASPIRATED"
"ferrari-046-2-30-v10","ferrari","046/2","Ferrari 046/2 3.0 V10",3.0,"V10","NATURALLY_ASPIRATED"
"ferrari-046-30-v10","ferrari","046","Ferrari 046 3.0 V10",3.0,"V10","NATURALLY_ASPIRATED"
"ferrari-047-30-v10","ferrari","047","Ferrari 047 3.0 V10",3.0,"V10","NATURALLY_ASPIRATED"
"ferrari-048-30-v10","ferrari","048","Ferrari 048 3.0 V10",3.0,"V10","NATURALLY_ASPIRATED"
"ferrari-049-30-v10","ferrari","049","Ferrari 049 3.0 V10",3.0,"V10","NATURALLY_ASPIRATED"
"ferrari-050-30-v10","ferrari","050","Ferrari 050 3.0 V10",3.0,"V10","NATURALLY_ASPIRATED"
"ferrari-051-30-v10","ferrari","051","Ferrari 051 3.0 V10",3.0,"V10","NATURALLY_ASPIRATED"
"ferrari-051b-30-v10","ferrari","051B","Ferrari 051B 3.0 V10",3.0,"V10","NATURALLY_ASPIRATED"
"ferrari-052-30-v10","ferrari","052","Ferrari 052 3.0 V10",3.0,"V10","NATURALLY_ASPIRATED"
"ferrari-053-30-v10","ferrari","053","Ferrari 053 3.0 V10",3.0,"V10","NATURALLY_ASPIRATED"
"ferrari-055-30-v10","ferrari","055","Ferrari 055 3.0 V10",3.0,"V10","NATURALLY_ASPIRATED"
"ferrari-056-2006-24-v8","ferrari","056 2006","Ferrari 056 2006 2.4 V8",2.4,"V8","NATURALLY_ASPIRATED"
"ferrari-056-2007-24-v8","ferrari","056 2007","Ferrari 056 2007 2.4 V8",2.4,"V8","NATURALLY_ASPIRATED"
"ferrari-056-24-v8","ferrari","056","Ferrari 056 2.4 V8",2.4,"V8","NATURALLY_ASPIRATED"
"ferrari-059-3-16-v6-t-h","ferrari","059/3","Ferrari 059/3 1.6 V6 T H",1.6,"V6","TURBOCHARGED_HYBRID"
"ferrari-060-16-v6-t-h","ferrari","060","Ferrari 060 1.6 V6 T H",1.6,"V6","TURBOCHARGED_HYBRID"
"ferrari-061-16-v6-t-h","ferrari","061","Ferrari 061 1.6 V6 T H",1.6,"V6","TURBOCHARGED_HYBRID"
"ferrari-062-16-v6-t-h","ferrari","062","Ferrari 062 1.6 V6 T H",1.6,"V6","TURBOCHARGED_HYBRID"
"ferrari-062-evo-16-v6-t-h","ferrari","062 EVO","Ferrari 062 EVO 1.6 V6 T H",1.6,"V6","TURBOCHARGED_HYBRID"
"ferrari-064-16-v6-t-h","ferrari","064","Ferrari 064 1.6 V6 T H",1.6,"V6","TURBOCHARGED_HYBRID"
"ferrari-065-16-v6-t-h","ferrari","065","Ferrari 065 1.6 V6 T H",1.6,"V6","TURBOCHARGED_HYBRID"
"ferrari-065-6-16-v6-t-h","ferrari","065/6","Ferrari 065/6 1.6 V6 T H",1.6,"V6","TURBOCHARGED_HYBRID"
"ferrari-066-10-16-v6-t-h","ferrari","066/10","Ferrari 066/10 1.6 V6 T H",1.6,"V6","TURBOCHARGED_HYBRID"
"ferrari-066-12-16-v6-t-h","ferrari","066/12","Ferrari 066/12 1.6 V6 T H",1.6,"V6","TURBOCHARGED_HYBRID"
"ferrari-066-7-16-v6-t-h","ferrari","066/7","Ferrari 066/7 1.6 V6 T H",1.6,"V6","TURBOCHARGED_HYBRID"
"ferrari-107-25-l4","ferrari","107","Ferrari 107 2.5 L4",2.5,"L4","NATURALLY_ASPIRATED"
"ferrari-125-15-v12-s","ferrari","125","Ferrari 125 1.5 V12 S",1.5,"V12","SUPERCHARGED"
"ferrari-143-24-v6","ferrari","143","Ferrari 143 2.4 V6",2.4,"V6","NATURALLY_ASPIRATED"
"ferrari-155-24-v6","ferrari","155","Ferrari 155 2.4 V6",2.4,"V6","NATURALLY_ASPIRATED"
"ferrari-166-20-v12","ferrari","166","Ferrari 166 2.0 V12",2.0,"V12","NATURALLY_ASPIRATED"
"ferrari-171-24-v6","ferrari","171","Ferrari 171 2.4 V6",2.4,"V6","NATURALLY_ASPIRATED"
"ferrari-178-15-v6","ferrari","178","Ferrari 178 1.5 V6",1.5,"V6","NATURALLY_ASPIRATED"
"ferrari-188-15-v6","ferrari","188","Ferrari 188 1.5 V6",1.5,"V6","NATURALLY_ASPIRATED"
"ferrari-205b-15-v8","ferrari","205B","Ferrari 205B 1.5 V8",1.5,"V8","NATURALLY_ASPIRATED"
"ferrari-207-15-f12","ferrari","207","Ferrari 207 1.5 F12",1.5,"F12","NATURALLY_ASPIRATED"
"ferrari-212-25-v12","ferrari","212","Ferrari 212 2.5 V12",2.5,"V12","NATURALLY_ASPIRATED"
"ferrari-218-30-v12","ferrari","218","Ferrari 218 3.0 V12",3.0,"V12","NATURALLY_ASPIRATED"
"ferrari-228-24-v6","ferrari","228","Ferrari 228 2.4 V6",2.4,"V6","NATURALLY_ASPIRATED"
"ferrari-242-30-v12","ferrari","242","Ferrari 242 3.0 V12",3.0,"V12","NATURALLY_ASPIRATED"
"ferrari-242c-30-v12","ferrari","242C","Ferrari 242C 3.0 V12",3.0,"V12","NATURALLY_ASPIRATED"
"ferrari-255c-30-v12","ferrari","255C","Ferrari 255C 3.0 V12",3.0,"V12","NATURALLY_ASPIRATED"
"ferrari-275-33-v12","ferrari","275","Ferrari 275 3.3 V12",3.3,"V12","NATURALLY_ASPIRATED"
"ferrari-375-45-v12","ferrari","375","Ferrari 375 4.5 V12",4.5,"V12","NATURALLY_ASPIRATED"
"ferrari-500-20-l4","ferrari","500","Ferrari 500 2.0 L4",2.0,"L4","NATURALLY_ASPIRATED"
"ferrari-553-20-l4","ferrari","553","Ferrari 553 2.0 L4",2.0,"L4","NATURALLY_ASPIRATED"
"ferrari-554-25-l4","ferrari","554","Ferrari 554 2.5 L4",2.5,"L4","NATURALLY_ASPIRATED"
"ferrari-555-25-l4","ferrari","555","Ferrari 555 2.5 L4",2.5,"L4","NATURALLY_ASPIRATED"
"ferrari-625-25-l4","ferrari","625","Ferrari 625 2.5 L4",2.5,"L6","NATURALLY_ASPIRATED"
"ferrari-d156-15-v6","ferrari","D156","Ferrari D156 1.5 V6",1.5,"V6","NATURALLY_ASPIRATED"
"ferrari-ds50-25-v8","ferrari","DS50","Ferrari DS50 2.5 V8",2.5,"V8","NATURALLY_ASPIRATED"
"ferrari-tipo-031-15-v6-t","ferrari","Tipo 031","Ferrari Tipo 031 1.5 V6 T",1.5,"V6","TURBOCHARGED"
"ferrari-tipo-168-30-v12","ferrari","Tipo 168","Ferrari Tipo 168 3.0 V12",3.0,"V12","NATURALLY_ASPIRATED"
"fondmetal-rv10-30-v10","fondmetal","RV10","Fondmetal RV10 3.0 V10",3.0,"V10","NATURALLY_ASPIRATED"
"ford-109e-15-l4","ford","109E","Ford 109E 1.5 L4",1.5,"L4","NATURALLY_ASPIRATED"
"ford-406-30-v8","ford","406","Ford 406 3.0 V8",3.0,"V8","NATURALLY_ASPIRATED"
"ford-cosworth-dfr-35-v8","ford","Cosworth DFR","Ford Cosworth DFR 3.5 V8",3.5,"V8","NATURALLY_ASPIRATED"
"ford-cosworth-dfv-30-v8","ford","Cosworth DFV","Ford Cosworth DFV 3.0 V8",3.0,"V8","NATURALLY_ASPIRATED"
"ford-cosworth-dfy-30-v8","ford","Cosworth DFY","Ford Cosworth DFY 3.0 V8",3.0,"V8","NATURALLY_ASPIRATED"
"ford-cosworth-dfz-35-v8","ford","Cosworth DFZ","Ford Cosworth DFZ 3.5 V8",3.5,"V8","NATURALLY_ASPIRATED"
"ford-cosworth-fva-16-l4","ford","Cosworth FVA","Ford Cosworth FVA 1.6 L4",1.6,"L4","NATURALLY_ASPIRATED"
"ford-cosworth-gba-15-v6-t","ford","Cosworth GBA","Ford Cosworth GBA 1.5 V6 T",1.5,"V6","TURBOCHARGED"
"ford-cosworth-sca-10-l4","ford","Cosworth SCA","Ford Cosworth SCA 1.0 L4",1.0,"L4","NATURALLY_ASPIRATED"
"ford-cr-1-30-v10","ford","CR-1","Ford CR-1 3.0 V10",3.0,"V10","NATURALLY_ASPIRATED"
"ford-ec-zetec-r-35-v8","ford","EC Zetec-R","Ford EC Zetec-R 3.5 V8",3.5,"V8","NATURALLY_ASPIRATED"
"ford-eca-zetec-r-30-v8","ford","ECA Zetec-R","Ford ECA Zetec-R 3.0 V8",3.0,"V8","NATURALLY_ASPIRATED"
"ford-ed-30-v8","ford","ED","Ford ED 3.0 V8",3.0,"V8","NATURALLY_ASPIRATED"
"ford-ed2-30-v8","ford","ED2","Ford ED2 3.0 V8",3.0,"V8","NATURALLY_ASPIRATED"
"ford-ed3-30-v8","ford","ED3","Ford ED3 3.0 V8",3.0,"V8","NATURALLY_ASPIRATED"
"ford-ed4-30-v8","ford","ED4","Ford ED4 3.0 V8",3.0,"V8","NATURALLY_ASPIRATED"
"ford-ed5-30-v8","ford","ED5","Ford ED5 3.0 V8",3.0,"V8","NATURALLY_ASPIRATED"
"ford-edb-30-v8","ford","EDB","Ford EDB 3.0 V8",3.0,"V8","NATURALLY_ASPIRATED"
"ford-edc-30-v8","ford","EDC","Ford EDC 3.0 V8",3.0,"V8","NATURALLY_ASPIRATED"
"ford-edd-30-v8","ford","EDD","Ford EDD 3.0 V8",3.0,"V8","NATURALLY_ASPIRATED"
"ford-edm-30-v8","ford","EDM","Ford EDM 3.0 V8",3.0,"V8","NATURALLY_ASPIRATED"
"ford-hba1-4-35-v8","ford","HBA1/4","Ford HBA1/4 3.5 V8",3.5,"V8","NATURALLY_ASPIRATED"
"ford-hba4-35-v8","ford","HBA4","Ford HBA4 3.5 V8",3.5,"V8","NATURALLY_ASPIRATED"
"ford-hba5-35-v8","ford","HBA5","Ford HBA5 3.5 V8",3.5,"V8","NATURALLY_ASPIRATED"
"ford-hba7-35-v8","ford","HBA7","Ford HBA7 3.5 V8",3.5,"V8","NATURALLY_ASPIRATED"
"ford-hba8-35-v8","ford","HBA8","Ford HBA8 3.5 V8",3.5,"V8","NATURALLY_ASPIRATED"
"ford-hbc6-35-v8","ford","HBC6","Ford HBC6 3.5 V8",3.5,"V8","NATURALLY_ASPIRATED"
"ford-hbc7-8-35-v8","ford","HBC7/8","Ford HBC7/8 3.5 V8",3.5,"V8","NATURALLY_ASPIRATED"
"ford-hbd6-35-v8","ford","HBD6","Ford HBD6 3.5 V8",3.5,"V8","NATURALLY_ASPIRATED"
"ford-hbe7-35-v8","ford","HBE7","Ford HBE7 3.5 V8",3.5,"V8","NATURALLY_ASPIRATED"
"ford-hbe7-8-35-v8","ford","HBE7/8","Ford HBE7/8 3.5 V8",3.5,"V8","NATURALLY_ASPIRATED"
"ford-hbf7-8-35-v8","ford","HBF7/8","Ford HBF7/8 3.5 V8",3.5,"V8","NATURALLY_ASPIRATED"
"ford-jd-zetec-r-30-v10","ford","JD Zetec-R","Ford JD Zetec-R 3.0 V10",3.0,"V10","NATURALLY_ASPIRATED"
"ford-rs1-30-v10","ford","RS1","Ford RS1 3.0 V10",3.0,"V10","NATURALLY_ASPIRATED"
"ford-rs2-30-v10","ford","RS2","Ford RS2 3.0 V10",3.0,"V10","NATURALLY_ASPIRATED"
"ford-vj-zetec-r-30-v10","ford","VJ Zetec-R","Ford VJ Zetec-R 3.0 V10",3.0,"V10","NATURALLY_ASPIRATED"
"ford-vjm1-zetec-r-30-v10","ford","VJM1 Zetec-R","Ford VJM1 Zetec-R 3.0 V10",3.0,"V10","NATURALLY_ASPIRATED"
"ford-vjm2-zetec-r-30-v10","ford","VJM2 Zetec-R","Ford VJM2 Zetec-R 3.0 V10",3.0,"V10","NATURALLY_ASPIRATED"
"gordini-1500-15-l4","gordini","1500","Gordini 1500 1.5 L4",1.5,"L4","NATURALLY_ASPIRATED"
"gordini-15c-15-l4-s","gordini","15C","Gordini 15C 1.5 L4 S",1.5,"L4","SUPERCHARGED"
"gordini-20-20-l6","gordini","20","Gordini 20 2.0 L6",2.0,"L6","NATURALLY_ASPIRATED"
"gordini-23-25-l6","gordini","23","Gordini 23 2.5 L6",2.5,"L6","NATURALLY_ASPIRATED"
"gordini-25-25-l8","gordini","25","Gordini 25 2.5 L8",2.5,"L8","NATURALLY_ASPIRATED"
"hart-1035-35-v10","hart","1035","Hart 1035 3.5 V10",3.5,"V10","NATURALLY_ASPIRATED"
"hart-415t-15-l4-t","hart","415T","Hart 415T 1.5 L4 T",1.5,"L4","TURBOCHARGED"
"hart-830-30-v8","hart","830","Hart 830 3.0 V8",3.0,"V8","NATURALLY_ASPIRATED"
"hart-830-av7-30-v8","hart","830 AV7","Hart 830 AV7 3.0 V8",3.0,"V8","NATURALLY_ASPIRATED"
"honda-ra000e-30-v10","honda","RA000E","Honda RA000E 3.0 V10",3.0,"V10","NATURALLY_ASPIRATED"
"honda-ra001e-30-v10","honda","RA001E","Honda RA001E 3.0 V10",3.0,"V10","NATURALLY_ASPIRATED"
"honda-ra002e-30-v10","honda","RA002E","Honda RA002E 3.0 V10",3.0,"V10","NATURALLY_ASPIRATED"
"honda-ra003e-30-v10","honda","RA003E","Honda RA003E 3.0 V10",3.0,"V10","NATURALLY_ASPIRATED"
"honda-ra004e-30-v10","honda","RA004E","Honda RA004E 3.0 V10",3.0,"V10","NATURALLY_ASPIRATED"
"honda-ra005e-30-v10","honda","RA005E","Honda RA005E 3.0 V10",3.0,"V10","NATURALLY_ASPIRATED"
"honda-ra101e-35-v10","honda","RA101E","Honda RA101E 3.5 V10",3.5,"V10","NATURALLY_ASPIRATED"
"honda-ra109e-35-v10","honda","RA109E","Honda RA109E 3.5 V10",3.5,"V10","NATURALLY_ASPIRATED"
"honda-ra121e-35-v12","honda","RA121E","Honda RA121E 3.5 V12",3.5,"V12","NATURALLY_ASPIRATED"
"honda-ra122e-35-v12","honda","RA122E","Honda RA122E 3.5 V12",3.5,"V12","NATURALLY_ASPIRATED"
"honda-ra122e-b-35-v12","honda","RA122E/B","Honda RA122E/B 3.5 V12",3.5,"V12","NATURALLY_ASPIRATED"
"honda-ra163e-15-v6-t","honda","RA163E","Honda RA163E 1.5 V6 T",1.5,"V6","TURBOCHARGED"
"honda-ra164e-15-v6-t","honda","RA164E","Honda RA164E 1.5 V6 T",1.5,"V6","TURBOCHARGED"
"honda-ra165e-15-v6-t","honda","RA165E","Honda RA165E 1.5 V6 T",1.5,"V6","TURBOCHARGED"
"honda-ra166e-15-v6-t","honda","RA166E","Honda RA166E 1.5 V6 T",1.5,"V6","TURBOCHARGED"
"honda-ra167e-15-v6-t","honda","RA167E","Honda RA167E 1.5 V6 T",1.5,"V6","TURBOCHARGED"
"honda-ra168e-15-v6-t","honda","RA168E","Honda RA168E 1.5 V6 T",1.5,"V6","TURBOCHARGED"
"honda-ra271e-15-v12","honda","RA271E","Honda RA271E 1.5 V12",1.5,"V12","NATURALLY_ASPIRATED"
"honda-ra272e-15-v12","honda","RA272E","Honda RA272E 1.5 V12",1.5,"V12","NATURALLY_ASPIRATED"
"honda-ra273e-30-v12","honda","RA273E","Honda RA273E 3.0 V12",3.0,"V12","NATURALLY_ASPIRATED"
"honda-ra301e-30-v12","honda","RA301E","Honda RA301E 3.0 V12",3.0,"V12","NATURALLY_ASPIRATED"
"honda-ra302e-30-v8","honda","RA302E","Honda RA302E 3.0 V8",3.0,"V8","NATURALLY_ASPIRATED"
"honda-ra615h-16-v6-t-h","honda","RA615H","Honda RA615H 1.6 V6 T H",1.6,"V6","TURBOCHARGED_HYBRID"
"honda-ra616h-16-v6-t-h","honda","RA616H","Honda RA616H 1.6 V6 T H",1.6,"V6","TURBOCHARGED_HYBRID"
"honda-ra617h-16-v6-t-h","honda","RA617H","Honda RA617H 1.6 V6 T H",1.6,"V6","TURBOCHARGED_HYBRID"
"honda-ra618h-16-v6-t-h","honda","RA618H","Honda RA618H 1.6 V6 T H",1.6,"V6","TURBOCHARGED_HYBRID"
"honda-ra619h-16-v6-t-h","honda","RA619H","Honda RA619H 1.6 V6 T H",1.6,"V6","TURBOCHARGED_HYBRID"
"honda-ra620h-16-v6-t-h","honda","RA620H","Honda RA620H 1.6 V6 T H",1.6,"V6","TURBOCHARGED_HYBRID"
"honda-ra621h-16-v6-t-h","honda","RA621H","Honda RA621H 1.6 V6 T H",1.6,"V6","TURBOCHARGED_HYBRID"
"honda-ra806e-24-v8","honda","RA806E","Honda RA806E 2.4 V8",2.4,"V8","NATURALLY_ASPIRATED"
"honda-ra807e-24-v8","honda","RA807E","Honda RA807E 2.4 V8",2.4,"V8","NATURALLY_ASPIRATED"
"honda-ra808e-24-v8","honda","RA808E","Honda RA808E 2.4 V8",2.4,"V8","NATURALLY_ASPIRATED"
"honda-rbpt-rbpth001-16-v6-t-h","honda-rbpt","RBPTH001","Honda RBPTH001 1.6 V6 T H",1.6,"V6","TURBOCHARGED_HYBRID"
"honda-rbpt-rbpth002-16-v6-t-h","honda-rbpt","RBPTH002","Honda RBPTH002 1.6 V6 T H",1.6,"V6","TURBOCHARGED_HYBRID"
"ilmor-2175a-35-v10","ilmor","2175A","Ilmor 2175A 3.5 V10",3.5,"V10","NATURALLY_ASPIRATED"
"jaguar-xk-34-l6","jaguar","XK","Jaguar XK 3.4 L6",3.4,"L6","NATURALLY_ASPIRATED"
"jap-11-v2","jap","JAP","JAP 1.1 V2",1.1,"V2","NATURALLY_ASPIRATED"
"judd-cv-35-v8","judd","CV","Judd CV 3.5 V8",3.5,"V8","NATURALLY_ASPIRATED"
"judd-ev-35-v8","judd","EV","Judd EV 3.5 V8",3.5,"V8","NATURALLY_ASPIRATED"
"judd-gv-35-v10","judd","GV","Judd GV 3.5 V10",3.5,"V10","NATURALLY_ASPIRATED"
"kuchen-20-v8","kuchen","Küchen","Küchen 2.0 V8",2.0,"V8","NATURALLY_ASPIRATED"
"lamborghini-3512-35-v12","lamborghini","3512","Lamborghini 3512 3.5 V12",3.5,"V12","NATURALLY_ASPIRATED"
"lancia-ds50-25-v8","lancia","DS50","Lancia DS50 2.5 V8",2.5,"V8","NATURALLY_ASPIRATED"
"lea-francis-20-l4","lea-francis","Lea Francis","Lea Francis 2.0 L4",2.0,"L4","NATURALLY_ASPIRATED"
"life-f35-35-w12","life","F35","Life F35 3.5 W12",3.5,"W12","NATURALLY_ASPIRATED"
"maserati-10-f1-30-v12","maserati","10/F1","Maserati 10/F1 3.0 V12",3.0,"V12","NATURALLY_ASPIRATED"
"maserati-250f1-25-l6","maserati","250F1","Maserati 250F1 2.5 L6",2.5,"L6","NATURALLY_ASPIRATED"
"maserati-250f1-25-v12","maserati","250F1","Maserati 250F1 2.5 V12",2.5,"V12","NATURALLY_ASPIRATED"
"maserati-250s-25-l4","maserati","250S","Maserati 250S 2.5 L4",2.5,"L4","NATURALLY_ASPIRATED"
"maserati-4cl-15-l4-s","maserati","4CL","Maserati 4CL 1.5 L4 S",1.5,"L4","SUPERCHARGED"
"maserati-4clt-15-l4-s","maserati","4CLT","Maserati 4CLT 1.5 L4 S",1.5,"L4","SUPERCHARGED"
"maserati-4clt-25-l4","maserati","4CLT","Maserati 4CLT 2.5 L4",2.5,"L4","NATURALLY_ASPIRATED"
"maserati-6-1500-15-l4","maserati","6-1500","Maserati 6-1500 1.5 L4",1.5,"L4","NATURALLY_ASPIRATED"
"maserati-9-f1-30-v12","maserati","9/F1","Maserati 9/F1 3.0 V12",3.0,"V12","NATURALLY_ASPIRATED"
"maserati-a6-20-l6","maserati","A6","Maserati A6 2.0 L6",2.0,"L6","NATURALLY_ASPIRATED"
"maserati-tipo-6-15-l4","maserati","Tipo 6","Maserati Tipo 6 1.5 L4",1.5,"L4","NATURALLY_ASPIRATED"
"matra-ms12-30-v12","matra","MS12","Matra MS12 3.0 V12",3.0,"V12","NATURALLY_ASPIRATED"
"matra-ms71-30-v12","matra","MS71","Matra MS71 3.0 V12",3.0,"V12","NATURALLY_ASPIRATED"
"matra-ms72-30-v12","matra","MS72","Matra MS72 3.0 V12",3.0,"V12","NATURALLY_ASPIRATED"
"matra-ms73-30-v12","matra","MS73","Matra MS73 3.0 V12",3.0,"V12","NATURALLY_ASPIRATED"
"matra-ms76-30-v12","matra","MS76","Matra MS76 3.0 V12",3.0,"V12","NATURALLY_ASPIRATED"
"matra-ms78-30-v12","matra","MS78","Matra MS78 3.0 V12",3.0,"V12","NATURALLY_ASPIRATED"
"matra-ms81-30-v12","matra","MS81","Matra MS81 3.0 V12",3.0,"V12","NATURALLY_ASPIRATED"
"matra-ms9-30-v12","matra","MS9","Matra MS9 3.0 V12",3.0,"V12","NATURALLY_ASPIRATED"
"mecachrome-gc37-01-30-v10","mecachrome","GC37-01","Mecachrome GC37-01 3.0 V10",3.0,"V10","NATURALLY_ASPIRATED"
"megatron-m12-13-15-l4-t","megatron","M12/13","Megatron M12/13 1.5 L4 T",1.5,"L4","TURBOCHARGED"
"mercedes-amg-f1-m11-16-v6-t-h","mercedes","AMG F1 M11","Mercedes-AMG F1 M11 1.6 V6 T H",1.6,"V6","TURBOCHARGED_HYBRID"
"mercedes-amg-f1-m12-16-v6-t-h","mercedes","AMG F1 M12","Mercedes-AMG F1 M12 1.6 V6 T H",1.6,"V6","TURBOCHARGED_HYBRID"
"mercedes-amg-f1-m13-16-v6-t-h","mercedes","AMG F1 M13","Mercedes-AMG F1 M13 1.6 V6 T H",1.6,"V6","TURBOCHARGED_HYBRID"
"mercedes-amg-f1-m14-16-v6-t-h","mercedes","AMG F1 M14","Mercedes-AMG F1 M14 1.6 V6 T H",1.6,"V6","TURBOCHARGED_HYBRID"
"mercedes-amg-f1-m15-16-v6-t-h","mercedes","AMG F1 M15","Mercedes-AMG F1 M15 1.6 V6 T H",1.6,"V6","TURBOCHARGED_HYBRID"
"mercedes-benz-2175b-35-v10","mercedes","2175B","Mercedes-Benz 2175B 3.5 V10",3.5,"V10","NATURALLY_ASPIRATED"
"mercedes-fo-108f-24-v8","mercedes","FO 108F","Mercedes FO 108F 2.4 V8",2.4,"V8","NATURALLY_ASPIRATED"
"mercedes-fo-108s-24-v8","mercedes","FO 108S","Mercedes FO 108S 2.4 V8",2.4,"V8","NATURALLY_ASPIRATED"
"mercedes-fo-108t-24-v8","mercedes","FO 108T","Mercedes FO 108T 2.4 V8",2.4,"V8","NATURALLY_ASPIRATED"
"mercedes-fo-108v-24-v8","mercedes","FO 108V","Mercedes FO 108V 2.4 V8",2.4,"V8","NATURALLY_ASPIRATED"
"mercedes-fo-108w-24-v8","mercedes","FO 108W","Mercedes FO 108W 2.4 V8",2.4,"V8","NATURALLY_ASPIRATED"
"mercedes-fo-108x-24-v8","mercedes","FO 108X","Mercedes FO 108X 2.4 V8",2.4,"V8","NATURALLY_ASPIRATED"
"mercedes-fo-108y-24-v8","mercedes","FO 108Y","Mercedes FO 108Y 2.4 V8",2.4,"V8","NATURALLY_ASPIRATED"
"mercedes-fo-108z-24-v8","mercedes","FO 108Z","Mercedes FO 108Z 2.4 V8",2.4,"V8","NATURALLY_ASPIRATED"
"mercedes-fo-110-3-30-v10","mercedes","FO 110/3","Mercedes FO 110/3 3.0 V10",3.0,"V10","NATURALLY_ASPIRATED"
"mercedes-fo-110-30-v10","mercedes","FO 110","Mercedes FO 110 3.0 V10",3.0,"V10","NATURALLY_ASPIRATED"
"mercedes-fo-110e-30-v10","mercedes","FO 110E","Mercedes FO 110E 3.0 V10",3.0,"V10","NATURALLY_ASPIRATED"
"mercedes-fo-110f-30-v10","mercedes","FO 110F","Mercedes FO 110F 3.0 V10",3.0,"V10","NATURALLY_ASPIRATED"
"mercedes-fo-110g-30-v10","mercedes","FO 110G","Mercedes FO 110G 3.0 V10",3.0,"V10","NATURALLY_ASPIRATED"
"mercedes-fo-110h-30-v10","mercedes","FO 110H","Mercedes FO 110H 3.0 V10",3.0,"V10","NATURALLY_ASPIRATED"
"mercedes-fo-110j-30-v10","mercedes","FO 110J","Mercedes FO 110J 3.0 V10",3.0,"V10","NATURALLY_ASPIRATED"
"mercedes-fo-110k-30-v10","mercedes","FO 110K","Mercedes FO 110K 3.0 V10",3.0,"V10","NATURALLY_ASPIRATED"
"mercedes-fo-110m-30-v10","mercedes","FO 110M","Mercedes FO 110M 3.0 V10",3.0,"V10","NATURALLY_ASPIRATED"
"mercedes-fo-110p-30-v10","mercedes","FO 110P","Mercedes FO 110P 3.0 V10",3.0,"V10","NATURALLY_ASPIRATED"
"mercedes-fo-110q-30-v10","mercedes","FO 110Q","Mercedes FO 110Q 3.0 V10",3.0,"V10","NATURALLY_ASPIRATED"
"mercedes-fo-110r-30-v10","mercedes","FO 110R","Mercedes FO 110R 3.0 V10",3.0,"V10","NATURALLY_ASPIRATED"
"mercedes-m08-16-v6-t-h","mercedes","M08","Mercedes M08 EQ Power+ 1.6 V6 T H",1.6,"V6","TURBOCHARGED_HYBRID"
"mercedes-m09-16-v6-t-h","mercedes","M09","Mercedes M09 EQ Power+ 1.6 V6 T H",1.6,"V6","TURBOCHARGED_HYBRID"
"mercedes-m10-16-v6-t-h","mercedes","M10","Mercedes M10 EQ Power+ 1.6 V6 T H",1.6,"V6","TURBOCHARGED_HYBRID"
"mercedes-m196-25-l8","mercedes","M196","Mercedes M196 2.5 L8",2.5,"L8","NATURALLY_ASPIRATED"
"mercedes-pu106a-16-v6-t-h","mercedes","PU106A","Mercedes PU106A Hybrid 1.6 V6 T H",1.6,"V6","TURBOCHARGED_HYBRID"
"mercedes-pu106b-16-v6-t-h","mercedes","PU106B","Mercedes PU106B Hybrid 1.6 V6 T H",1.6,"V6","TURBOCHARGED_HYBRID"
"mercedes-pu106c-16-v6-t-h","mercedes","PU106C","Mercedes PU106C Hybrid 1.6 V6 T H",1.6,"V6","TURBOCHARGED_HYBRID"
"milano-15-l4-s","milano","Milano","Milano 1.5 L4 S",1.5,"L4","SUPERCHARGED"
"motori-moderni-tipo-615-90-15-v6-t","motori-moderni","Tipo 615-90","Motori Moderni Tipo 615-90 1.5 V6 T",1.5,"V6","TURBOCHARGED"
"mugen-honda-mf-301-30-v10","mugen-honda","MF-301","Mugen-Honda MF-301 3.0 V10",3.0,"V10","NATURALLY_ASPIRATED"
"mugen-honda-mf-301ha-30-v10","mugen-honda","MF-301HA","Mugen-Honda MF-301HA 3.0 V10",3.0,"V10","NATURALLY_ASPIRATED"
"mugen-honda-mf-301hb-30-v10","mugen-honda","MF-301HB","Mugen-Honda MF-301HB 3.0 V10",3.0,"V10","NATURALLY_ASPIRATED"
"mugen-honda-mf-301hc-30-v10","mugen-honda","MF-301HC","Mugen-Honda MF-301HC 3.0 V10",3.0,"V10","NATURALLY_ASPIRATED"
"mugen-honda-mf-301hd-30-v10","mugen-honda","MF-301HD","Mugen-Honda MF-301HD 3.0 V10",3.0,"V10","NATURALLY_ASPIRATED"
"mugen-honda-mf-301he-30-v10","mugen-honda","MF-301HE","Mugen-Honda MF-301HE 3.0 V10",3.0,"V10","NATURALLY_ASPIRATED"
"mugen-honda-mf-351h-35-v10","mugen-honda","MF-351H","Mugen-Honda MF-351H 3.5 V10",3.5,"V10","NATURALLY_ASPIRATED"
"mugen-honda-mf-351hb-35-v10","mugen-honda","MF-351HB","Mugen-Honda MF-351HB 3.5 V10",3.5,"V10","NATURALLY_ASPIRATED"
"mugen-honda-mf-351hc-35-v10","mugen-honda","MF-351HC","Mugen-Honda MF-351HC 3.5 V10",3.5,"V10","NATURALLY_ASPIRATED"
"mugen-honda-mf-351hd-35-v10","mugen-honda","MF-351HD","Mugen-Honda MF-351HD 3.5 V10",3.5,"V10","NATURALLY_ASPIRATED"
"novi-30-l8-s","novi","Novi","Novi 3.0 L8 S",3.0,"L8","SUPERCHARGED"
"offenhauser-17-l4","offenhauser","Offenhauser","Offenhauser 1.7 L4",1.7,"L4","NATURALLY_ASPIRATED"
"offenhauser-30-l4-s","offenhauser","Offenhauser","Offenhauser 3.0 L4 S",3.0,"L4","SUPERCHARGED"
"offenhauser-45-l4","offenhauser","Offenhauser","Offenhauser 4.5 L4",4.5,"L4","NATURALLY_ASPIRATED"
"osca-20-l4","osca","OSCA","OSCA 2.0 L4",2.0,"L4","NATURALLY_ASPIRATED"
"osca-2000-20-l6","osca","2000","OSCA 2000 2.0 L6",2.0,"L6","NATURALLY_ASPIRATED"
"osca-372-15-l4","osca","372","OSCA 372 1.5 L4",1.5,"L4","NATURALLY_ASPIRATED"
"osca-4500-45-v12","osca","4500","OSCA 4500 4.5 V12",4.5,"V12","NATURALLY_ASPIRATED"
"osella-890t-15-v8-t","osella","890T","Osella 890T 1.5 V8 T",1.5,"V8","TURBOCHARGED"
"petronas-01a-30-v10","petronas","01A","Petronas 01A 3.0 V10",3.0,"V10","NATURALLY_ASPIRATED"
"petronas-02a-30-v10","petronas","02A","Petronas 02A 3.0 V10",3.0,"V10","NATURALLY_ASPIRATED"
"petronas-03a-30-v10","petronas","03A","Petronas 03A 3.0 V10",3.0,"V10","NATURALLY_ASPIRATED"
"petronas-04a-30-v10","petronas","04A","Petronas 04A 3.0 V10",3.0,"V10","NATURALLY_ASPIRATED"
"petronas-05a-30-v10","petronas","05A","Petronas 05A 3.0 V10",3.0,"V10","NATURALLY_ASPIRATED"
"petronas-spe-01-30-v10","petronas","SPE-01","Petronas SPE-01 3.0 V10",3.0,"V10","NATURALLY_ASPIRATED"
"petronas-spe-01d-30-v10","petronas","SPE-01D","Petronas SPE-01D 3.0 V10",3.0,"V10","NATURALLY_ASPIRATED"
"petronas-spe-03a-30-v10","petronas","SPE-03A","Petronas SPE-03A 3.0 V10",3.0,"V10","NATURALLY_ASPIRATED"
"petronas-spe-04a-30-v10","petronas","SPE-04A","Petronas SPE-04A 3.0 V10",3.0,"V10","NATURALLY_ASPIRATED"
"peugeot-a10-30-v10","peugeot","A10","Peugeot A10 3.0 V10",3.0,"V10","NATURALLY_ASPIRATED"
"peugeot-a12-ev5-30-v10","peugeot","A12 EV5","Peugeot A12 EV5 3.0 V10",3.0,"V10","NATURALLY_ASPIRATED"
"peugeot-a14-30-v10","peugeot","A14","Peugeot A14 3.0 V10",3.0,"V10","NATURALLY_ASPIRATED"
"peugeot-a16-30-v10","peugeot","A16","Peugeot A16 3.0 V10",3.0,"V10","NATURALLY_ASPIRATED"
"peugeot-a18-30-v10","peugeot","A18","Peugeot A18 3.0 V10",3.0,"V10","NATURALLY_ASPIRATED"
"peugeot-a20-30-v10","peugeot","A20","Peugeot A20 3.0 V10",3.0,"V10","NATURALLY_ASPIRATED"
"peugeot-a6-35-v10","peugeot","A6","Peugeot A6 3.5 V10",3.5,"V10","NATURALLY_ASPIRATED"
"plate-20-l4","plate","Platé","Platé 2.0 L4",2.0,"L4","NATURALLY_ASPIRATED"
"playlife-fb01-30-v10","playlife","FB01","Playlife FB01 3.0 V10",3.0,"V10","NATURALLY_ASPIRATED"
"playlife-fb02-30-v10","playlife","FB02","Playlife FB02 3.0 V10",3.0,"V10","NATURALLY_ASPIRATED"
"playlife-gc37-01-30-v10","playlife","GC37-01","Playlife GC37-01 3.0 V10",3.0,"V10","NATURALLY_ASPIRATED"
"porsche-3512-35-v12","porsche","3512","Porsche 3512 3.5 V12",3.5,"V12","NATURALLY_ASPIRATED"
"porsche-547-3-15-f4","porsche","547/3","Porsche 547/3 1.5 F4",1.5,"F4","NATURALLY_ASPIRATED"
"porsche-753-15-f8","porsche","753","Porsche 753 1.5 F8",1.5,"F8","NATURALLY_ASPIRATED"
"pratt-whitney-stn76-tbn","pratt-whitney","STN76","Pratt & Whitney STN76 tbn",,,
"rbpt-rbpth001-16-v6-t-h","rbpt","RBPTH001","Red Bull RBPTH001 1.6 V6 T H",1.6,"V6","TURBOCHARGED_HYBRID"
"renault-e-tech-19-16-v6-t-h","renault","E-Tech 19","Renault E-Tech 19 1.6 V6 T H",1.6,"V6","TURBOCHARGED_HYBRID"
"renault-e-tech-20-16-v6-t-h","renault","E-Tech 20","Renault E-Tech 20 1.6 V6 T H",1.6,"V6","TURBOCHARGED_HYBRID"
"renault-e-tech-20b-16-v6-t-h","renault","E-Tech 20B","Renault E-Tech 20B 1.6 V6 T H",1.6,"V6","TURBOCHARGED_HYBRID"
"renault-e-tech-re22-16-v6-t-h","renault","E-Tech RE22","Renault E-Tech RE22 1.6 V6 T H",1.6,"V6","TURBOCHARGED_HYBRID"
"renault-e-tech-re23-16-v6-t-h","renault","E-Tech RE23","Renault E-Tech RE23 1.6 V6 T H",1.6,"V6","TURBOCHARGED_HYBRID"
"renault-e-tech-re24-16-v6-t-h","renault","E-Tech RE24","Renault E-Tech RE24 1.6 V6 T H",1.6,"V6","TURBOCHARGED_HYBRID"
"renault-ef15-15-v6-t","renault","EF15","Renault EF15 1.5 V6 T",1.5,"V6","TURBOCHARGED"
"renault-ef15b-15-v6-t","renault","EF15B","Renault EF15B 1.5 V6 T",1.5,"V6","TURBOCHARGED"
"renault-ef4-15-v6-t","renault","EF4","Renault EF4 1.5 V6 T",1.5,"V6","TURBOCHARGED"
"renault-ef4b-15-v6-t","renault","EF4B","Renault EF4B 1.5 V6 T",1.5,"V6","TURBOCHARGED"
"renault-energy-f1-2014-16-v6-t-h","renault","Energy F1 2014","Renault Energy F1 2014 1.6 V6 T H",1.6,"V6","TURBOCHARGED_HYBRID"
"renault-energy-f1-2015-16-v6-t-h","renault","Energy F1 2015","Renault Energy F1 2015 1.6 V6 T H",1.6,"V6","TURBOCHARGED_HYBRID"
"renault-gordini-ef1-15-v6-t","renault","Gordini EF1","Renault-Gordini EF1 1.5 V6 T",1.5,"V6","TURBOCHARGED"
"renault-re16-16-v6-t-h","renault","R.E.16","Renault R.E.16 1.6 V6 T H",1.6,"V6","TURBOCHARGED_HYBRID"
"renault-re17-16-v6-t-h","renault","R.E.17","Renault R.E.17 1.6 V6 T H",1.6,"V6","TURBOCHARGED_HYBRID"
"renault-re18-16-v6-t-h","renault","R.E.18","Renault R.E.18 1.6 V6 T H",1.6,"V6","TURBOCHARGED_HYBRID"
"renault-rs1-35-v10","renault","RS1","Renault RS1 3.5 V10",3.5,"V10","NATURALLY_ASPIRATED"
"renault-rs2-35-v10","renault","RS2","Renault RS2 3.5 V10",3.5,"V10","NATURALLY_ASPIRATED"
"renault-rs21-30-v10","renault","RS21","Renault RS21 3.0 V10",3.0,"V10","NATURALLY_ASPIRATED"
"renault-rs22-30-v10","renault","RS22","Renault RS22 3.0 V10",3.0,"V10","NATURALLY_ASPIRATED"
"renault-rs23-30-v10","renault","RS23","Renault RS23 3.0 V10",3.0,"V10","NATURALLY_ASPIRATED"
"renault-rs24-30-v10","renault","RS24","Renault RS24 3.0 V10",3.0,"V10","NATURALLY_ASPIRATED"
"renault-rs25-30-v10","renault","RS25","Renault RS25 3.0 V10",3.0,"V10","NATURALLY_ASPIRATED"
"renault-rs26-24-v8","renault","RS26","Renault RS26 2.4 V8",2.4,"V8","NATURALLY_ASPIRATED"
"renault-rs27-2010-24-v8","renault","RS27-2010","Renault RS27-2010 2.4 V8",2.4,"V8","NATURALLY_ASPIRATED"
"renault-rs27-2011-24-v8","renault","RS27-2011","Renault RS27-2011 2.4 V8",2.4,"V8","NATURALLY_ASPIRATED"
"renault-rs27-2012-24-v8","renault","RS27-2012","Renault RS27-2012 2.4 V8",2.4,"V8","NATURALLY_ASPIRATED"
"renault-rs27-2013-24-v8","renault","RS27-2013","Renault RS27-2013 2.4 V8",2.4,"V8","NATURALLY_ASPIRATED"
"renault-rs27-24-v8","renault","RS27","Renault RS27 2.4 V8",2.4,"V8","NATURALLY_ASPIRATED"
"renault-rs3-35-v10","renault","RS3","Renault RS3 3.5 V10",3.5,"V10","NATURALLY_ASPIRATED"
"renault-rs3c-35-v10","renault","RS3C","Renault RS3C 3.5 V10",3.5,"V10","NATURALLY_ASPIRATED"
"renault-rs4-35-v10","renault","RS4","Renault RS4 3.5 V10",3.5,"V10","NATURALLY_ASPIRATED"
"renault-rs5-35-v10","renault","RS5","Renault RS5 3.5 V10",3.5,"V10","NATURALLY_ASPIRATED"
"renault-rs6-35-v10","renault","RS6","Renault RS6 3.5 V10",3.5,"V10","NATURALLY_ASPIRATED"
"renault-rs7-30-v10","renault","RS7","Renault RS7 3.0 V10",3.0,"V10","NATURALLY_ASPIRATED"
"renault-rs8-30-v10","renault","RS8","Renault RS8 3.0 V10",3.0,"V10","NATURALLY_ASPIRATED"
"renault-rs9-30-v10","renault","RS9","Renault RS9 3.0 V10",3.0,"V10","NATURALLY_ASPIRATED"
"renault-rs9b-30-v10","renault","RS9B","Renault RS9B 3.0 V10",3.0,"V10","NATURALLY_ASPIRATED"
"repco-620-30-v8","repco","620","Repco 620 3.0 V8",3.0,"V8","NATURALLY_ASPIRATED"
"repco-740-30-v8","repco","740","Repco 740 3.0 V8",3.0,"V8","NATURALLY_ASPIRATED"
"repco-860-30-v8","repco","860","Repco 860 3.0 V8",3.0,"V8","NATURALLY_ASPIRATED"
"sauber-2175a-35-v10","sauber","2175A","Sauber 2175A 3.5 V10",3.5,"V10","NATURALLY_ASPIRATED"
"sauber-2175b-35-v10","sauber","2175B","Sauber 2175B 3.5 V10",3.5,"V10","NATURALLY_ASPIRATED"
"scarab-25-l4","scarab","Scarab","Scarab 2.5 L4",2.5,"L4","NATURALLY_ASPIRATED"
"serenissima-m166-30-v8","serenissima","M166","Serenissima M166 3.0 V8",3.0,"V8","NATURALLY_ASPIRATED"
"subaru-1235-35-f12","subaru","1235","Subaru 1235 3.5 F12",3.5,"F12","NATURALLY_ASPIRATED"
"supertec-fb01-30-v10","supertec","FB01","Supertec FB01 3.0 V10",3.0,"V10","NATURALLY_ASPIRATED"
"supertec-fb02-30-v10","supertec","FB02","Supertec FB02 3.0 V10",3.0,"V10","NATURALLY_ASPIRATED"
"tag-heuer-f1-2016-16-v6-t-h","tag-heuer","F1-2016","TAG Heuer F1-2016 1.6 V6 T H",1.6,"V6","TURBOCHARGED_HYBRID"
"tag-heuer-f1-2017-16-v6-t-h","tag-heuer","F1-2017","TAG Heuer F1-2017 1.6 V6 T H",1.6,"V6","TURBOCHARGED_HYBRID"
"tag-heuer-f1-2018-16-v6-t-h","tag-heuer","F1-2018","TAG Heuer F1-2018 1.6 V6 T H",1.6,"V6","TURBOCHARGED_HYBRID"
"tag-tte-po1-15-v6-t","tag","TTE PO1","TAG TTE PO1 1.5 V6 T",1.5,"V6","TURBOCHARGED"
"talbot-lago-23cv-45-l6","talbot-lago","23CV","Talbot 23CV 4.5 L6",4.5,"L6","NATURALLY_ASPIRATED"
"tecno-series-p-30-f12","tecno","Series-P","Tecno Series-P 3.0 F12",3.0,"F12","NATURALLY_ASPIRATED"
"toro-rosso-16-v6-t-h","toro-rosso","Toro Rosso","Toro Rosso 1.6 V6 T H",1.6,"V6","TURBOCHARGED_HYBRID"
"toyota-rvx-02-30-v10","toyota","RVX-02","Toyota RVX-02 3.0 V10",3.0,"V10","NATURALLY_ASPIRATED"
"toyota-rvx-03-30-v10","toyota","RVX-03","Toyota RVX-03 3.0 V10",3.0,"V10","NATURALLY_ASPIRATED"
"toyota-rvx-04-30-v10","toyota","RVX-04","Toyota RVX-04 3.0 V10",3.0,"V10","NATURALLY_ASPIRATED"
"toyota-rvx-05-30-v10","toyota","RVX-05","Toyota RVX-05 3.0 V10",3.0,"V10","NATURALLY_ASPIRATED"
"toyota-rvx-06-24-v8","toyota","RVX-06","Toyota RVX-06 2.4 V8",2.4,"V8","NATURALLY_ASPIRATED"
"toyota-rvx-07-24-v8","toyota","RVX-07","Toyota RVX-07 2.4 V8",2.4,"V8","NATURALLY_ASPIRATED"
"toyota-rvx-08-24-v8","toyota","RVX-08","Toyota RVX-08 2.4 V8",2.4,"V8","NATURALLY_ASPIRATED"
"toyota-rvx-09-24-v8","toyota","RVX-09","Toyota RVX-09 2.4 V8",2.4,"V8","NATURALLY_ASPIRATED"
"vanwall-254-25-l4","vanwall","254","Vanwall 254 2.5 L4",2.5,"L4","NATURALLY_ASPIRATED"
"veritas-20-l6","veritas","Veritas","Veritas 2.0 L6",2.0,"L6","NATURALLY_ASPIRATED"
"weslake-58-30-v12","weslake","58","Weslake 58 3.0 V12",3.0,"V12","NATURALLY_ASPIRATED"
"yamaha-ox10a-35-v10","yamaha","OX10A","Yamaha OX10A 3.5 V10",3.5,"V10","NATURALLY_ASPIRATED"
"yamaha-ox10b-35-v10","yamaha","OX10B","Yamaha OX10B 3.5 V10",3.5,"V10","NATURALLY_ASPIRATED"
"yamaha-ox10c-30-v10","yamaha","OX10C","Yamaha OX10C 3.0 V10",3.0,"V10","NATURALLY_ASPIRATED"
"yamaha-ox11a-30-v10","yamaha","OX11A","Yamaha OX11A 3.0 V10",3.0,"V10","NATURALLY_ASPIRATED"
"yamaha-ox11c-d-30-v10","yamaha","OX11C/D","Yamaha OX11C/D 3.0 V10",3.0,"V10","NATURALLY_ASPIRATED"
"yamaha-ox88-35-v8","yamaha","OX88","Yamaha OX88 3.5 V8",3.5,"V8","NATURALLY_ASPIRATED"
"yamaha-ox99-35-v12","yamaha","OX99","Yamaha OX99 3.5 V12",3.5,"V12","NATURALLY_ASPIRATED"
"zakspeed-1500-4-15-l4-t","zakspeed","1500/4","Zakspeed 1500/4 1.5 L4 T",1.5,"L4","TURBOCHARGED"
