"raceId","year","round","positionDisplayOrder","positionNumber","positionText","driverNumber","driverId","constructorId","engineManufacturerId","tyreManufacturerId","sharedCar","laps","time","timeMillis","timePenalty","timePenaltyMillis","gap","gapMillis","gapLaps","interval","intervalMillis","reasonRetired","points","polePosition","qualificationPositionNumber","qualificationPositionText","gridPositionNumber","gridPositionText","positionsGained","pitStops","fastestLap","driverOfTheDay","grandSlam"
1045,2021,10,1,1,"1","33","max-verstappen","red-bull","honda","pirelli",false,17,"25:38.426",1538426,,,,,,,,,3,false,2,"2",2,"2",1,,false,false,false
1045,2021,10,2,2,"2","44","lewis-hamilton","mercedes","mercedes","pirelli",false,17,"25:39.856",1539856,,,"+1.430",1430,,"+1.430",1430,,2,false,1,"1",1,"1",-1,,false,false,false
1045,2021,10,3,3,"3","77","valtteri-bottas","mercedes","mercedes","pirelli",false,17,"25:45.928",1545928,,,"+7.502",7502,,"+6.072",6072,,1,false,3,"3",3,"3",0,,false,false,false
1045,2021,10,4,4,"4","16","charles-leclerc","ferrari","ferrari","pirelli",false,17,"25:49.704",1549704,,,"+11.278",11278,,"+3.776",3776,,,false,4,"4",4,"4",0,,false,false,false
1045,2021,10,5,5,"5","4","lando-norris","mclaren","mercedes","pirelli",false,17,"26:02.537",1562537,,,"+24.111",24111,,"+12.833",12833,,,false,6,"6",6,"6",1,,false,false,false
1045,2021,10,6,6,"6","3","daniel-ricciardo","mclaren","mercedes","pirelli",false,17,"26:09.385",1569385,,,"+30.959",30959,,"+6.848",6848,,,false,7,"7",7,"7",1,,false,false,false
1045,2021,10,7,7,"7","14","fernando-alonso","alpine","renault","pirelli",false,17,"26:21.953",1581953,,,"+43.527",43527,,"+12.568",12568,,,false,11,"11",11,"11",4,,false,false,false
1045,2021,10,8,8,"8","5","sebastian-vettel","aston-martin","mercedes","pirelli",false,17,"26:22.865",1582865,,,"+44.439",44439,,"+0.912",912,,,false,10,"10",10,"10",2,,false,false,false
1045,2021,10,9,9,"9","63","george-russell","williams","mercedes","pirelli",false,17,"26:25.078",1585078,,,"+46.652",46652,,"+2.213",2213,,,false,8,"8",8,"8",-1,,false,false,false
1045,2021,10,10,10,"10","31","esteban-ocon","alpine","renault","pirelli",false,17,"26:25.821",1585821,,,"+47.395",47395,,"+0.743",743,,,false,13,"13",13,"13",3,,false,false,false
1045,2021,10,11,11,"11","55","carlos-sainz-jr","ferrari","ferrari","pirelli",false,17,"26:26.224",1586224,,,"+47.798",47798,,"+0.403",403,,,false,9,"9",9,"9",-2,,false,false,false
1045,2021,10,12,12,"12","10","pierre-gasly","alphatauri","honda","pirelli",false,17,"26:27.189",1587189,,,"+48.763",48763,,"+0.965",965,,,false,12,"12",12,"12",0,,false,false,false
1045,2021,10,13,13,"13","7","kimi-raikkonen","alfa-romeo","ferrari","pirelli",false,17,"26:29.103",1589103,,,"+50.677",50677,,"+1.914",1914,,,false,17,"17",17,"17",4,,false,false,false
1045,2021,10,14,14,"14","18","lance-stroll","aston-martin","mercedes","pirelli",false,17,"26:30.605",1590605,,,"+52.179",52179,,"+1.502",1502,,,false,15,"15",15,"15",1,,false,false,false
1045,2021,10,15,15,"15","99","antonio-giovinazzi","alfa-romeo","ferrari","pirelli",false,17,"26:31.651",1591651,,,"+53.225",53225,,"+1.046",1046,,,false,14,"14",14,"14",-1,,false,false,false
1045,2021,10,16,16,"16","22","yuki-tsunoda","alphatauri","honda","pirelli",false,17,"26:31.993",1591993,,,"+53.567",53567,,"+0.342",342,,,false,16,"16",16,"16",0,,false,false,false
1045,2021,10,17,17,"17","6","nicholas-latifi","williams","mercedes","pirelli",false,17,"26:33.588",1593588,,,"+55.162",55162,,"+1.595",1595,,,false,18,"18",18,"18",1,,false,false,false
1045,2021,10,18,18,"18","47","mick-schumacher","haas","ferrari","pirelli",false,17,"26:46.639",1606639,,,"+1:08.213",68213,,"+13.051",13051,,,false,19,"19",19,"19",1,,false,false,false
1045,2021,10,19,19,"19","9","nikita-mazepin","haas","ferrari","pirelli",false,17,"26:56.074",1616074,,,"+1:17.648",77648,,"+9.435",9435,,,false,20,"20",20,"20",1,,false,false,false
1045,2021,10,20,20,"20","11","sergio-perez","red-bull","honda","pirelli",false,16,,,,,,,,,,"Vibration",,false,5,"5",5,"5",-15,,false,false,false
1049,2021,14,1,1,"1","77","valtteri-bottas","mercedes","mercedes","pirelli",false,18,"27:54.078",1674078,,,,,,,,,3,false,1,"1",1,"1",0,,false,false,false
1049,2021,14,2,2,"2","33","max-verstappen","red-bull","honda","pirelli",false,18,"27:56.403",1676403,,,"+2.325",2325,,"+2.325",2325,,2,false,3,"3",3,"3",1,,false,false,false
1049,2021,14,3,3,"3","3","daniel-ricciardo","mclaren","mercedes","pirelli",false,18,"28:08.612",1688612,,,"+14.534",14534,,"+12.209",12209,,1,false,5,"5",5,"5",2,,false,false,false
1049,2021,14,4,4,"4","4","lando-norris","mclaren","mercedes","pirelli",false,18,"28:12.913",1692913,,,"+18.835",18835,,"+4.301",4301,,,false,4,"4",4,"4",0,,false,false,false
1049,2021,14,5,5,"5","44","lewis-hamilton","mercedes","mercedes","pirelli",false,18,"28:14.089",1694089,,,"+20.011",20011,,"+1.176",1176,,,false,2,"2",2,"2",-3,,false,false,false
1049,2021,14,6,6,"6","16","charles-leclerc","ferrari","ferrari","pirelli",false,18,"28:17.520",1697520,,,"+23.442",23442,,"+3.431",3431,,,false,8,"8",8,"8",2,,false,false,false
1049,2021,14,7,7,"7","55","carlos-sainz-jr","ferrari","ferrari","pirelli",false,18,"28:22.030",1702030,,,"+27.952",27952,,"+4.510",4510,,,false,7,"7",7,"7",0,,false,false,false
1049,2021,14,8,8,"8","99","antonio-giovinazzi","alfa-romeo","ferrari","pirelli",false,18,"28:25.167",1705167,,,"+31.089",31089,,"+3.137",3137,,,false,10,"10",10,"10",2,,false,false,false
1049,2021,14,9,9,"9","11","sergio-perez","red-bull","honda","pirelli",false,18,"28:25.758",1705758,,,"+31.680",31680,,"+0.591",591,,,false,9,"9",9,"9",0,,false,false,false
1049,2021,14,10,10,"10","18","lance-stroll","aston-martin","mercedes","pirelli",false,18,"28:32.749",1712749,,,"+38.671",38671,,"+6.991",6991,,,false,12,"12",12,"12",2,,false,false,false
1049,2021,14,11,11,"11","14","fernando-alonso","alpine","renault","pirelli",false,18,"28:33.873",1713873,,,"+39.795",39795,,"+1.124",1124,,,false,13,"13",13,"13",2,,false,false,false
1049,2021,14,12,12,"12","5","sebastian-vettel","aston-martin","mercedes","pirelli",false,18,"28:35.255",1715255,,,"+41.177",41177,,"+1.382",1382,,,false,11,"11",11,"11",-1,,false,false,false
1049,2021,14,13,13,"13","31","esteban-ocon","alpine","renault","pirelli",false,18,"28:37.451",1717451,,,"+43.373",43373,,"+2.196",2196,,,false,14,"14",14,"14",1,,false,false,false
1049,2021,14,14,14,"14","6","nicholas-latifi","williams","mercedes","pirelli",false,18,"28:40.055",1720055,,,"+45.977",45977,,"+2.604",2604,,,false,16,"16",16,"16",2,,false,false,false
1049,2021,14,15,15,"15","63","george-russell","williams","mercedes","pirelli",false,18,"28:40.899",1720899,,,"+46.821",46821,,"+0.844",844,,,false,15,"15",15,"15",0,,false,false,false
1049,2021,14,16,16,"16","22","yuki-tsunoda","alphatauri","honda","pirelli",false,18,"28:44.055",1724055,,,"+49.977",49977,,"+3.156",3156,,,false,17,"17",17,"17",1,,false,false,false
1049,2021,14,17,17,"17","9","nikita-mazepin","haas","ferrari","pirelli",false,18,"28:56.677",1736677,,,"+1:02.599",62599,,"+12.622",12622,,,false,20,"20",20,"20",3,,false,false,false
1049,2021,14,18,18,"18","88","robert-kubica","alfa-romeo","ferrari","pirelli",false,18,"28:59.174",1739174,,,"+1:05.096",65096,,"+2.497",2497,,,false,19,"19",19,"19",1,,false,false,false
1049,2021,14,19,19,"19","47","mick-schumacher","haas","ferrari","pirelli",false,18,"29:00.232",1740232,,,"+1:06.154",66154,,"+1.058",1058,,,false,18,"18",18,"18",-1,,false,false,false
1049,2021,14,20,,"DNF","10","pierre-gasly","alphatauri","honda","pirelli",false,0,,,,,,,,,,"Accident",,false,6,"6",6,"6",,,false,false,false
1054,2021,19,1,1,"1","77","valtteri-bottas","mercedes","mercedes","pirelli",false,24,"29:09.559",1749559,,,,,,,,,3,false,2,"2",2,"2",1,,false,false,false
1054,2021,19,2,2,"2","33","max-verstappen","red-bull","honda","pirelli",false,24,"29:10.729",1750729,,,"+1.170",1170,,"+1.170",1170,,2,false,1,"1",1,"1",-1,,false,false,false
1054,2021,19,3,3,"3","55","carlos-sainz-jr","ferrari","ferrari","pirelli",false,24,"29:28.282",1768282,,,"+18.723",18723,,"+17.553",17553,,1,false,5,"5",5,"5",2,,false,false,false
1054,2021,19,4,4,"4","11","sergio-perez","red-bull","honda","pirelli",false,24,"29:29.346",1769346,,,"+19.787",19787,,"+1.064",1064,,,false,3,"3",3,"3",-1,,false,false,false
1054,2021,19,5,5,"5","44","lewis-hamilton","mercedes","mercedes","pirelli",false,24,"29:30.431",1770431,,,"+20.872",20872,,"+1.085",1085,,,false,,"DSQ",20,"20",15,,false,false,false
1054,2021,19,6,6,"6","4","lando-norris","mclaren","mercedes","pirelli",false,24,"29:32.117",1772117,,,"+22.558",22558,,"+1.686",1686,,,false,7,"7",7,"7",1,,false,false,false
1054,2021,19,7,7,"7","16","charles-leclerc","ferrari","ferrari","pirelli",false,24,"29:34.615",1774615,,,"+25.056",25056,,"+2.498",2498,,,false,6,"6",6,"6",-1,,false,false,false
1054,2021,19,8,8,"8","10","pierre-gasly","alphatauri","honda","pirelli",false,24,"29:43.717",1783717,,,"+34.158",34158,,"+9.102",9102,,,false,4,"4",4,"4",-4,,false,false,false
1054,2021,19,9,9,"9","31","esteban-ocon","alpine","renault","pirelli",false,24,"29:44.191",1784191,,,"+34.632",34632,,"+0.474",474,,,false,10,"10",10,"10",1,,false,false,false
1054,2021,19,10,10,"10","5","sebastian-vettel","aston-martin","mercedes","pirelli",false,24,"29:44.426",1784426,,,"+34.867",34867,,"+0.235",235,,,false,11,"11",11,"11",1,,false,false,false
1054,2021,19,11,11,"11","3","daniel-ricciardo","mclaren","mercedes","pirelli",false,24,"29:45.428",1785428,,,"+35.869",35869,,"+1.002",1002,,,false,8,"8",8,"8",-3,,false,false,false
1054,2021,19,12,12,"12","14","fernando-alonso","alpine","renault","pirelli",false,24,"29:46.137",1786137,,,"+36.578",36578,,"+0.709",709,,,false,9,"9",9,"9",-3,,false,false,false
1054,2021,19,13,13,"13","99","antonio-giovinazzi","alfa-romeo","ferrari","pirelli",false,24,"29:51.439",1791439,,,"+41.880",41880,,"+5.302",5302,,,false,14,"14",14,"14",1,,false,false,false
1054,2021,19,14,14,"14","18","lance-stroll","aston-martin","mercedes","pirelli",false,24,"29:53.596",1793596,,,"+44.037",44037,,"+2.157",2157,,,false,15,"15",15,"15",1,,false,false,false
1054,2021,19,15,15,"15","22","yuki-tsunoda","alphatauri","honda","pirelli",false,24,"29:55.709",1795709,,,"+46.150",46150,,"+2.113",2113,,,false,12,"12",12,"12",-3,,false,false,false
1054,2021,19,16,16,"16","6","nicholas-latifi","williams","mercedes","pirelli",false,24,"29:56.319",1796319,,,"+46.760",46760,,"+0.610",610,,,false,16,"16",16,"16",0,,false,false,false
1054,2021,19,17,17,"17","63","george-russell","williams","mercedes","pirelli",false,24,"29:57.298",1797298,,,"+47.739",47739,,"+0.979",979,,,false,17,"17",17,"17",0,,false,false,false
1054,2021,19,18,18,"18","7","kimi-raikkonen","alfa-romeo","ferrari","pirelli",false,24,"29:59.573",1799573,,,"+50.014",50014,,"+2.275",2275,,,false,13,"13",13,"13",-5,,false,false,false
1054,2021,19,19,19,"19","47","mick-schumacher","haas","ferrari","pirelli",false,24,"30:11.239",1811239,,,"+1:01.680",61680,,"+11.666",11666,,,false,18,"18",18,"18",-1,,false,false,false
1054,2021,19,20,20,"20","9","nikita-mazepin","haas","ferrari","pirelli",false,24,"30:17.033",1817033,,,"+1:07.474",67474,,"+5.794",5794,,,false,19,"19",19,"19",-1,,false,false,false
1061,2022,4,1,1,"1","1","max-verstappen","red-bull","rbpt","pirelli",false,21,"30:39.567",1839567,,,,,,,,,8,false,1,"1",1,"1",0,,false,false,false
1061,2022,4,2,2,"2","16","charles-leclerc","ferrari","ferrari","pirelli",false,21,"30:42.542",1842542,,,"+2.975",2975,,"+2.975",2975,,7,false,2,"2",2,"2",0,,false,false,false
1061,2022,4,3,3,"3","11","sergio-perez","red-bull","rbpt","pirelli",false,21,"30:44.288",1844288,,,"+4.721",4721,,"+1.746",1746,,6,false,7,"7",7,"7",4,,false,false,false
1061,2022,4,4,4,"4","55","carlos-sainz-jr","ferrari","ferrari","pirelli",false,21,"30:57.145",1857145,,,"+17.578",17578,,"+12.857",12857,,5,false,10,"10",10,"10",6,,false,false,false
1061,2022,4,5,5,"5","4","lando-norris","mclaren","mercedes","pirelli",false,21,"31:04.128",1864128,,,"+24.561",24561,,"+6.983",6983,,4,false,3,"3",3,"3",-2,,false,false,false
1061,2022,4,6,6,"6","3","daniel-ricciardo","mclaren","mercedes","pirelli",false,21,"31:07.307",1867307,,,"+27.740",27740,,"+3.179",3179,,3,false,6,"6",6,"6",0,,false,false,false
1061,2022,4,7,7,"7","77","valtteri-bottas","alfa-romeo","ferrari","pirelli",false,21,"31:07.700",1867700,,,"+28.133",28133,,"+0.393",393,,2,false,8,"8",8,"8",1,,false,false,false
1061,2022,4,8,8,"8","20","kevin-magnussen","haas","ferrari","pirelli",false,21,"31:10.279",1870279,,,"+30.712",30712,,"+2.579",2579,,1,false,4,"4",4,"4",-4,,false,false,false
1061,2022,4,9,9,"9","14","fernando-alonso","alpine","renault","pirelli",false,21,"31:11.845",1871845,,,"+32.278",32278,,"+1.566",1566,,,false,5,"5",5,"5",-4,,false,false,false
1061,2022,4,10,10,"10","47","mick-schumacher","haas","ferrari","pirelli",false,21,"31:13.340",1873340,,,"+33.773",33773,,"+1.495",1495,,,false,12,"12",12,"12",2,,false,false,false
1061,2022,4,11,11,"11","63","george-russell","mercedes","mercedes","pirelli",false,21,"31:15.851",1875851,,,"+36.284",36284,,"+2.511",2511,,,false,11,"11",11,"11",0,,false,false,false
1061,2022,4,12,12,"12","22","yuki-tsunoda","alphatauri","rbpt","pirelli",false,21,"31:17.865",1877865,,,"+38.298",38298,,"+2.014",2014,,,false,16,"16",16,"16",4,,false,false,false
1061,2022,4,13,13,"13","5","sebastian-vettel","aston-martin","mercedes","pirelli",false,21,"31:19.744",1879744,,,"+40.177",40177,,"+1.879",1879,,,false,9,"9",9,"9",-4,,false,false,false
1061,2022,4,14,14,"14","44","lewis-hamilton","mercedes","mercedes","pirelli",false,21,"31:21.026",1881026,,,"+41.459",41459,,"+1.282",1282,,,false,13,"13",13,"13",-1,,false,false,false
1061,2022,4,15,15,"15","18","lance-stroll","aston-martin","mercedes","pirelli",false,21,"31:22.477",1882477,,,"+42.910",42910,,"+1.451",1451,,,false,15,"15",15,"15",0,,false,false,false
1061,2022,4,16,16,"16","31","esteban-ocon","alpine","renault","pirelli",false,21,"31:23.084",1883084,,,"+43.517",43517,,"+0.607",607,,,false,19,"19",19,"19",3,,false,false,false
1061,2022,4,17,17,"17","10","pierre-gasly","alphatauri","rbpt","pirelli",false,21,"31:23.361",1883361,,,"+43.794",43794,,"+0.277",277,,,false,17,"17",17,"17",0,,false,false,false
1061,2022,4,18,18,"18","23","alexander-albon","williams","mercedes","pirelli",false,21,"31:28.438",1888438,,,"+48.871",48871,,"+5.077",5077,,,false,,"NC",,"PL",2,,false,false,false
1061,2022,4,19,19,"19","6","nicholas-latifi","williams","mercedes","pirelli",false,21,"31:31.584",1891584,,,"+52.017",52017,,"+3.146",3146,,,false,18,"18",18,"18",-1,,false,false,false
1061,2022,4,20,,"DNF","24","guanyu-zhou","alfa-romeo","ferrari","pirelli",false,0,,,,,,,,,,,,false,14,"14",14,"14",,,false,false,false
1068,2022,11,1,1,"1","1","max-verstappen","red-bull","rbpt","pirelli",false,23,"26:30.059",1590059,,,,,,,,,8,false,1,"1",1,"1",0,,false,false,false
1068,2022,11,2,2,"2","16","charles-leclerc","ferrari","ferrari","pirelli",false,23,"26:31.734",1591734,,,"+1.675",1675,,"+1.675",1675,,7,false,2,"2",2,"2",0,,false,false,false
1068,2022,11,3,3,"3","55","carlos-sainz-jr","ferrari","ferrari","pirelli",false,23,"26:35.703",1595703,,,"+5.644",5644,,"+3.969",3969,,6,false,3,"3",3,"3",0,,false,false,false
1068,2022,11,4,4,"4","63","george-russell","mercedes","mercedes","pirelli",false,23,"26:43.488",1603488,,,"+13.429",13429,,"+7.785",7785,,5,false,4,"4",4,"4",0,,false,false,false
1068,2022,11,5,5,"5","11","sergio-perez","red-bull","rbpt","pirelli",false,23,"26:48.361",1608361,,,"+18.302",18302,,"+4.873",4873,,4,false,13,"13",13,"13",8,,false,false,false
1068,2022,11,6,6,"6","31","esteban-ocon","alpine","renault","pirelli",false,23,"27:01.091",1621091,,,"+31.032",31032,,"+12.730",12730,,3,false,5,"5",5,"5",-1,,false,false,false
1068,2022,11,7,7,"7","20","kevin-magnussen","haas","ferrari","pirelli",false,23,"27:04.598",1624598,,,"+34.539",34539,,"+3.507",3507,,2,false,6,"6",6,"6",-1,,false,false,false
1068,2022,11,8,8,"8","44","lewis-hamilton","mercedes","mercedes","pirelli",false,23,"27:05.506",1625506,,,"+35.447",35447,,"+0.908",908,,1,false,9,"9",9,"9",1,,false,false,false
1068,2022,11,9,9,"9","47","mick-schumacher","haas","ferrari","pirelli",false,23,"27:07.222",1627222,,,"+37.163",37163,,"+1.716",1716,,,false,7,"7",7,"7",-2,,false,false,false
1068,2022,11,10,10,"10","77","valtteri-bottas","alfa-romeo","ferrari","pirelli",false,23,"27:07.616",1627616,,,"+37.557",37557,,"+0.394",394,,,false,12,"12",12,"12",2,,false,false,false
1068,2022,11,11,11,"11","4","lando-norris","mclaren","mercedes","pirelli",false,23,"27:08.639",1628639,,,"+38.580",38580,,"+1.023",1023,,,false,15,"15",15,"15",4,,false,false,false
1068,2022,11,12,12,"12","3","daniel-ricciardo","mclaren","mercedes","pirelli",false,23,"27:09.797",1629797,,,"+39.738",39738,,"+1.158",1158,,,false,16,"16",16,"16",4,,false,false,false
1068,2022,11,13,13,"13","18","lance-stroll","aston-martin","mercedes","pirelli",false,23,"27:18.300",1638300,,,"+48.241",48241,,"+8.503",8503,,,false,17,"17",17,"17",4,,false,false,false
1068,2022,11,14,14,"14","24","guanyu-zhou","alfa-romeo","ferrari","pirelli",false,23,"27:20.812",1640812,,,"+50.753",50753,,"+2.512",2512,,,false,18,"18",,"PL",4,,false,false,false
1068,2022,11,15,15,"15","10","pierre-gasly","alphatauri","rbpt","pirelli",false,23,"27:22.184",1642184,,,"+52.125",52125,,"+1.372",1372,,,false,10,"10",10,"10",-5,,false,false,false
1068,2022,11,16,16,"16","23","alexander-albon","williams","mercedes","pirelli",false,23,"27:22.471",1642471,"5.000",5000,"+52.412",52412,,"+0.287",287,,,false,11,"11",11,"11",-5,,false,false,false
1068,2022,11,17,17,"17","22","yuki-tsunoda","alphatauri","rbpt","pirelli",false,23,"27:24.615",1644615,,,"+54.556",54556,,"+2.144",2144,,,false,14,"14",14,"14",-3,,false,false,false
1068,2022,11,18,18,"18","6","nicholas-latifi","williams","mercedes","pirelli",false,23,"27:38.753",1658753,,,"+1:08.694",68694,,"+14.138",14138,,,false,19,"19",19,"19",1,,false,false,false
1068,2022,11,19,19,"19","5","sebastian-vettel","aston-martin","mercedes","pirelli",false,21,,,,,,,,,,"Collision damage",,false,20,"20",20,"20",1,,false,false,false
1068,2022,11,20,,"DNS","14","fernando-alonso","alpine","renault","pirelli",false,,,,,,,,,,,"Electrical",,false,8,"8",,,,,false,false,false
1078,2022,21,1,1,"1","63","george-russell","mercedes","mercedes","pirelli",false,24,"30:11.307",1811307,,,,,,,,,8,false,3,"3",3,"3",2,,false,false,false
1078,2022,21,2,2,"2","55","carlos-sainz-jr","ferrari","ferrari","pirelli",false,24,"30:15.302",1815302,,,"+3.995",3995,,"+3.995",3995,,7,false,5,"5",5,"5",3,,false,false,false
1078,2022,21,3,3,"3","44","lewis-hamilton","mercedes","mercedes","pirelli",false,24,"30:15.799",1815799,,,"+4.492",4492,,"+0.497",497,,6,false,8,"8",8,"8",5,,false,false,false
1078,2022,21,4,4,"4","1","max-verstappen","red-bull","rbpt","pirelli",false,24,"30:21.801",1821801,,,"+10.494",10494,,"+6.002",6002,,5,false,2,"2",2,"2",-2,,false,false,false
1078,2022,21,5,5,"5","11","sergio-perez","red-bull","rbpt","pirelli",false,24,"30:23.162",1823162,,,"+11.855",11855,,"+1.361",1361,,4,false,9,"9",9,"9",4,,false,false,false
1078,2022,21,6,6,"6","16","charles-leclerc","ferrari","ferrari","pirelli",false,24,"30:24.440",1824440,,,"+13.133",13133,,"+1.278",1278,,3,false,10,"10",10,"10",4,,false,false,false
1078,2022,21,7,7,"7","4","lando-norris","mclaren","mercedes","pirelli",false,24,"30:36.931",1836931,,,"+25.624",25624,,"+12.491",12491,,2,false,4,"4",4,"4",-3,,false,false,false
1078,2022,21,8,8,"8","20","kevin-magnussen","haas","ferrari","pirelli",false,24,"30:40.075",1840075,,,"+28.768",28768,,"+3.144",3144,,1,false,1,"1",1,"1",-7,,false,false,false
1078,2022,21,9,9,"9","5","sebastian-vettel","aston-martin","mercedes","pirelli",false,24,"30:41.525",1841525,,,"+30.218",30218,,"+1.450",1450,,,false,13,"13",13,"13",4,,false,false,false
1078,2022,21,10,10,"10","10","pierre-gasly","alphatauri","rbpt","pirelli",false,24,"30:45.477",1845477,,,"+34.170",34170,,"+3.952",3952,,,false,12,"12",12,"12",2,,false,false,false
1078,2022,21,11,11,"11","3","daniel-ricciardo","mclaren","mercedes","pirelli",false,24,"30:50.702",1850702,,,"+39.395",39395,,"+5.225",5225,,,false,14,"14",14,"14",3,,false,false,false
1078,2022,21,12,12,"12","47","mick-schumacher","haas","ferrari","pirelli",false,24,"30:52.466",1852466,,,"+41.159",41159,,"+1.764",1764,,,false,20,"20",20,"20",8,,false,false,false
1078,2022,21,13,13,"13","24","guanyu-zhou","alfa-romeo","ferrari","pirelli",false,24,"30:53.070",1853070,,,"+41.763",41763,,"+0.604",604,,,false,17,"17",17,"17",4,,false,false,false
1078,2022,21,14,14,"14","77","valtteri-bottas","alfa-romeo","ferrari","pirelli",false,24,"30:53.645",1853645,,,"+42.338",42338,,"+0.575",575,,,false,18,"18",18,"18",4,,false,false,false
1078,2022,21,15,15,"15","22","yuki-tsunoda","alphatauri","rbpt","pirelli",false,24,"31:01.613",1861613,,,"+50.306",50306,,"+7.968",7968,,,false,19,"19",19,"19",4,,false,false,false
1078,2022,21,16,16,"16","18","lance-stroll","aston-martin","mercedes","pirelli",false,24,"31:02.007",1862007,"10.000",10000,"+50.700",50700,,"+0.394",394,,,false,15,"15",15,"15",-1,,false,false,false
1078,2022,21,17,17,"17","31","esteban-ocon","alpine","renault","pirelli",false,24,"31:03.063",1863063,,,"+51.756",51756,,"+1.056",1056,,,false,6,"6",6,"6",-11,,false,false,false
1078,2022,21,18,18,"18","14","fernando-alonso","alpine","renault","pirelli",false,24,"31:05.292",1865292,"5.000",5000,"+53.985",53985,,"+2.229",2229,,,false,7,"7",7,"7",-11,,false,false,false
1078,2022,21,19,19,"19","6","nicholas-latifi","williams","mercedes","pirelli",false,24,"31:28.157",1888157,,,"+1:16.850",76850,,"+22.865",22865,,,false,16,"16",16,"16",-3,,false,false,false
1078,2022,21,20,,"DNF","23","alexander-albon","williams","mercedes","pirelli",false,12,,,,,,,,,,,,false,11,"11",11,"11",,,false,false,false
1083,2023,4,1,1,"1","11","sergio-perez","red-bull","honda-rbpt","pirelli",false,17,"33:17.667",1997667,,,,,,,,,8,false,2,"2",2,"2",1,,false,false,false
1083,2023,4,2,2,"2","16","charles-leclerc","ferrari","ferrari","pirelli",false,17,"33:22.130",2002130,,,"+4.463",4463,,"+4.463",4463,,7,false,1,"1",1,"1",-1,,false,false,false
1083,2023,4,3,3,"3","1","max-verstappen","red-bull","honda-rbpt","pirelli",false,17,"33:22.732",2002732,,,"+5.065",5065,,"+0.602",602,,6,false,3,"3",3,"3",0,,false,false,false
1083,2023,4,4,4,"4","63","george-russell","mercedes","mercedes","pirelli",false,17,"33:26.199",2006199,,,"+8.532",8532,,"+3.467",3467,,5,false,4,"4",4,"4",0,,false,false,false
1083,2023,4,5,5,"5","55","carlos-sainz-jr","ferrari","ferrari","pirelli",false,17,"33:28.055",2008055,,,"+10.388",10388,,"+1.856",1856,,4,false,5,"5",5,"5",0,,false,false,false
1083,2023,4,6,6,"6","14","fernando-alonso","aston-martin","mercedes","pirelli",false,17,"33:29.280",2009280,,,"+11.613",11613,,"+1.225",1225,,3,false,8,"8",8,"8",2,,false,false,false
1083,2023,4,7,7,"7","44","lewis-hamilton","mercedes","mercedes","pirelli",false,17,"33:34.170",2014170,,,"+16.503",16503,,"+4.890",4890,,2,false,6,"6",6,"6",-1,,false,false,false
1083,2023,4,8,8,"8","18","lance-stroll","aston-martin","mercedes","pirelli",false,17,"33:36.084",2016084,,,"+18.417",18417,,"+1.914",1914,,1,false,9,"9",9,"9",1,,false,false,false
1083,2023,4,9,9,"9","23","alexander-albon","williams","mercedes","pirelli",false,17,"33:39.424",2019424,,,"+21.757",21757,,"+3.340",3340,,,false,7,"7",7,"7",-2,,false,false,false
1083,2023,4,10,10,"10","81","oscar-piastri","mclaren","mercedes","pirelli",false,17,"33:40.518",2020518,,,"+22.851",22851,,"+1.094",1094,,,false,11,"11",11,"11",1,,false,false,false
1083,2023,4,11,11,"11","20","kevin-magnussen","haas","ferrari","pirelli",false,17,"33:45.657",2025657,,,"+27.990",27990,,"+5.139",5139,,,false,14,"14",13,"13",2,,false,false,false
1083,2023,4,12,12,"12","24","guanyu-zhou","alfa-romeo","ferrari","pirelli",false,17,"33:52.269",2032269,,,"+34.602",34602,,"+6.612",6612,,,false,16,"16",14,"14",2,,false,false,false
1083,2023,4,13,13,"13","10","pierre-gasly","alpine","renault","pirelli",false,17,"33:54.585",2034585,,,"+36.918",36918,,"+2.316",2316,,,false,19,"19",17,"17",4,,false,false,false
1083,2023,4,14,14,"14","21","nyck-de-vries","alphatauri","honda-rbpt","pirelli",false,17,"33:59.293",2039293,,,"+41.626",41626,,"+4.708",4708,,,false,20,"20",18,"18",4,,false,false,false
1083,2023,4,15,15,"15","27","nico-hulkenberg","haas","ferrari","pirelli",false,17,"34:06.254",2046254,,,"+48.587",48587,,"+6.961",6961,,,false,12,"12",12,"12",-3,,false,false,false
1083,2023,4,16,16,"16","77","valtteri-bottas","alfa-romeo","ferrari","pirelli",false,17,"34:07.584",2047584,,,"+49.917",49917,,"+1.330",1330,,,false,17,"17",15,"15",-1,,false,false,false
1083,2023,4,17,17,"17","4","lando-norris","mclaren","mercedes","pirelli",false,17,"34:08.771",2048771,,,"+51.104",51104,,"+1.187",1187,,,false,10,"10",10,"10",-7,,false,false,false
1083,2023,4,18,18,"18","31","esteban-ocon","alpine","renault","pirelli",false,17,"34:18.288",2058288,,,"+1:00.621",60621,,"+9.517",9517,,,false,13,"13",,,1,,false,false,false
1083,2023,4,19,,"DNF","22","yuki-tsunoda","alphatauri","honda-rbpt","pirelli",false,2,,,,,,,,,,"Collision damage",,false,18,"18",16,"16",,,false,false,false
1083,2023,4,20,,"DNS","2","logan-sargeant","williams","mercedes","pirelli",false,,,,,,,,,,,"Car damaged in qualifying",,false,15,"15",,,,,false,false,false
1088,2023,9,1,1,"1","1","max-verstappen","red-bull","honda-rbpt","pirelli",false,24,"30:26.730",1826730,,,,,,,,,8,false,1,"1",1,"1",0,,false,false,false
1088,2023,9,2,2,"2","11","sergio-perez","red-bull","honda-rbpt","pirelli",false,24,"30:47.778",1847778,,,"+21.048",21048,,"+21.048",21048,,7,false,2,"2",2,"2",0,,false,false,false
1088,2023,9,3,3,"3","55","carlos-sainz-jr","ferrari","ferrari","pirelli",false,24,"30:49.818",1849818,,,"+23.088",23088,,"+2.040",2040,,6,false,5,"5",5,"5",2,,false,false,false
1088,2023,9,4,4,"4","18","lance-stroll","aston-martin","mercedes","pirelli",false,24,"30:56.433",1856433,,,"+29.703",29703,,"+6.615",6615,,5,false,8,"8",7,"7",3,,false,false,false
1088,2023,9,5,5,"5","14","fernando-alonso","aston-martin","mercedes","pirelli",false,24,"30:56.839",1856839,,,"+30.109",30109,,"+0.406",406,,4,false,7,"7",6,"6",1,,false,false,false
1088,2023,9,6,6,"6","27","nico-hulkenberg","haas","ferrari","pirelli",false,24,"30:58.027",1858027,,,"+31.297",31297,,"+1.188",1188,,3,false,4,"4",4,"4",-2,,false,false,false
1088,2023,9,7,7,"7","31","esteban-ocon","alpine","renault","pirelli",false,24,"31:03.332",1863332,,,"+36.602",36602,,"+5.305",5305,,2,false,9,"9",8,"8",1,,false,false,false
1088,2023,9,8,8,"8","63","george-russell","mercedes","mercedes","pirelli",false,24,"31:03.341",1863341,,,"+36.611",36611,,"+0.009",9,,1,false,15,"15",15,"15",7,,false,false,false
1088,2023,9,9,9,"9","4","lando-norris","mclaren","mercedes","pirelli",false,24,"31:05.338",1865338,,,"+38.608",38608,,"+1.997",1997,,,false,3,"3",3,"3",-6,,false,false,false
1088,2023,9,10,10,"10","44","lewis-hamilton","mercedes","mercedes","pirelli",false,24,"31:13.105",1873105,,,"+46.375",46375,,"+7.767",7767,,,false,18,"18",18,"18",8,,false,false,false
1088,2023,9,11,11,"11","81","oscar-piastri","mclaren","mercedes","pirelli",false,24,"31:16.537",1876537,,,"+49.807",49807,,"+3.432",3432,,,false,17,"17",17,"17",6,,false,false,false
1088,2023,9,12,12,"12","16","charles-leclerc","ferrari","ferrari","pirelli",false,24,"31:17.519",1877519,,,"+50.789",50789,,"+0.982",982,,,false,6,"6",9,"9",-3,,false,false,false
1088,2023,9,13,13,"13","23","alexander-albon","williams","mercedes","pirelli",false,24,"31:19.578",1879578,,,"+52.848",52848,,"+2.059",2059,,,false,11,"11",11,"11",-2,,false,false,false
1088,2023,9,14,14,"14","20","kevin-magnussen","haas","ferrari","pirelli",false,24,"31:23.323",1883323,,,"+56.593",56593,,"+3.745",3745,,,false,10,"10",10,"10",-4,,false,false,false
1088,2023,9,15,15,"15","10","pierre-gasly","alpine","renault","pirelli",false,24,"31:24.382",1884382,,,"+57.652",57652,,"+1.059",1059,,,false,12,"12",12,"12",-3,,false,false,false
1088,2023,9,16,16,"16","22","yuki-tsunoda","alphatauri","honda-rbpt","pirelli",false,24,"31:31.552",1891552,,,"+1:04.822",64822,,"+7.170",7170,,,false,13,"13",13,"13",-3,,false,false,false
1088,2023,9,17,17,"17","21","nyck-de-vries","alphatauri","honda-rbpt","pirelli",false,24,"31:32.347",1892347,,,"+1:05.617",65617,,"+0.795",795,,,false,14,"14",14,"14",-3,,false,false,false
1088,2023,9,18,18,"18","2","logan-sargeant","williams","mercedes","pirelli",false,24,"31:32.789",1892789,,,"+1:06.059",66059,,"+0.442",442,,,false,20,"20",20,"20",2,,false,false,false
1088,2023,9,19,19,"19","24","guanyu-zhou","alfa-romeo","ferrari","pirelli",false,24,"31:37.555",1897555,,,"+1:10.825",70825,,"+4.766",4766,,,false,16,"16",16,"16",-3,,false,false,false
1088,2023,9,20,20,"20","77","valtteri-bottas","alfa-romeo","ferrari","pirelli",false,24,"31:43.165",1903165,,,"+1:16.435",76435,,"+5.610",5610,,,false,19,"19",19,"19",-1,,false,false,false
1091,2023,12,1,1,"1","1","max-verstappen","red-bull","honda-rbpt","pirelli",false,11,"24:58.433",1498433,,,,,,,,,8,false,1,"1",1,"1",0,,false,false,false
1091,2023,12,2,2,"2","81","oscar-piastri","mclaren","mercedes","pirelli",false,11,"25:05.110",1505110,,,"+6.677",6677,,"+6.677",6677,,7,false,2,"2",2,"2",0,,false,false,false
1091,2023,12,3,3,"3","10","pierre-gasly","alpine","renault","pirelli",false,11,"25:09.166",1509166,,,"+10.733",10733,,"+4.056",4056,,6,false,6,"6",6,"6",3,,false,false,false
1091,2023,12,4,4,"4","55","carlos-sainz-jr","ferrari","ferrari","pirelli",false,11,"25:11.081",1511081,,,"+12.648",12648,,"+1.915",1915,,5,false,3,"3",3,"3",-1,,false,false,false
1091,2023,12,5,5,"5","16","charles-leclerc","ferrari","ferrari","pirelli",false,11,"25:13.449",1513449,,,"+15.016",15016,,"+2.368",2368,,4,false,4,"4",4,"4",-1,,false,false,false
1091,2023,12,6,6,"6","4","lando-norris","mclaren","mercedes","pirelli",false,11,"25:14.485",1514485,,,"+16.052",16052,,"+1.036",1036,,3,false,5,"5",5,"5",-1,,false,false,false
1091,2023,12,7,7,"7","44","lewis-hamilton","mercedes","mercedes","pirelli",false,11,"25:15.190",1515190,"5.000",5000,"+16.757",16757,,"+0.705",705,,2,false,7,"7",7,"7",0,,false,false,false
1091,2023,12,8,8,"8","63","george-russell","mercedes","mercedes","pirelli",false,11,"25:15.255",1515255,,,"+16.822",16822,,"+0.065",65,,1,false,10,"10",10,"10",2,,false,false,false
1091,2023,12,9,9,"9","31","esteban-ocon","alpine","renault","pirelli",false,11,"25:20.843",1520843,,,"+22.410",22410,,"+5.588",5588,,,false,9,"9",9,"9",0,,false,false,false
1091,2023,12,10,10,"10","3","daniel-ricciardo","alphatauri","honda-rbpt","pirelli",false,11,"25:21.239",1521239,,,"+22.806",22806,,"+0.396",396,,,false,11,"11",11,"11",1,,false,false,false
1091,2023,12,11,11,"11","18","lance-stroll","aston-martin","mercedes","pirelli",false,11,"25:23.440",1523440,,,"+25.007",25007,,"+2.201",2201,,,false,14,"14",14,"14",3,,false,false,false
1091,2023,12,12,12,"12","23","alexander-albon","williams","mercedes","pirelli",false,11,"25:24.736",1524736,,,"+26.303",26303,,"+1.296",1296,,,false,12,"12",12,"12",0,,false,false,false
1091,2023,12,13,13,"13","77","valtteri-bottas","alfa-romeo","ferrari","pirelli",false,11,"25:25.439",1525439,,,"+27.006",27006,,"+0.703",703,,,false,17,"17",17,"17",4,,false,false,false
1091,2023,12,14,14,"14","20","kevin-magnussen","haas","ferrari","pirelli",false,11,"25:31.419",1531419,,,"+32.986",32986,,"+5.980",5980,,,false,18,"18",18,"18",4,,false,false,false
1091,2023,12,15,15,"15","24","guanyu-zhou","alfa-romeo","ferrari","pirelli",false,11,"25:34.775",1534775,,,"+36.342",36342,,"+3.356",3356,,,false,19,"19",19,"19",4,,false,false,false
1091,2023,12,16,16,"16","2","logan-sargeant","williams","mercedes","pirelli",false,11,"25:36.004",1536004,"5.000",5000,"+37.571",37571,,"+1.229",1229,,,false,13,"13",13,"13",-3,,false,false,false
1091,2023,12,17,17,"17","27","nico-hulkenberg","haas","ferrari","pirelli",false,11,"25:36.260",1536260,,,"+37.827",37827,,"+0.256",256,,,false,,"NC",20,"20",3,,false,false,false
1091,2023,12,18,18,"18","22","yuki-tsunoda","alphatauri","honda-rbpt","pirelli",false,11,"25:37.700",1537700,,,"+39.267",39267,,"+1.440",1440,,,false,16,"16",16,"16",-2,,false,false,false
1091,2023,12,19,,"DNF","11","sergio-perez","red-bull","honda-rbpt","pirelli",false,8,,,,,,,,,,,,false,8,"8",8,"8",,,false,false,false
1091,2023,12,20,,"DNF","14","fernando-alonso","aston-martin","mercedes","pirelli",false,2,,,,,,,,,,,,false,15,"15",15,"15",,,false,false,false
1096,2023,17,1,1,"1","81","oscar-piastri","mclaren","mercedes","pirelli",false,19,"35:01.297",2101297,,,,,,,,,8,false,1,"1",1,"1",0,,false,false,false
1096,2023,17,2,2,"2","1","max-verstappen","red-bull","honda-rbpt","pirelli",false,19,"35:03.168",2103168,,,"+1.871",1871,,"+1.871",1871,,7,false,3,"3",3,"3",1,,false,false,false
1096,2023,17,3,3,"3","4","lando-norris","mclaren","mercedes","pirelli",false,19,"35:09.794",2109794,,,"+8.497",8497,,"+6.626",6626,,6,false,2,"2",2,"2",-1,,false,false,false
1096,2023,17,4,4,"4","63","george-russell","mercedes","mercedes","pirelli",false,19,"35:12.333",2112333,,,"+11.036",11036,,"+2.539",2539,,5,false,4,"4",4,"4",0,,false,false,false
1096,2023,17,5,5,"5","44","lewis-hamilton","mercedes","mercedes","pirelli",false,19,"35:18.611",2118611,,,"+17.314",17314,,"+6.278",6278,,4,false,12,"12",12,"12",7,,false,false,false
1096,2023,17,6,6,"6","55","carlos-sainz-jr","ferrari","ferrari","pirelli",false,19,"35:20.103",2120103,,,"+18.806",18806,,"+1.492",1492,,3,false,5,"5",5,"5",-1,,false,false,false
1096,2023,17,7,7,"7","23","alexander-albon","williams","mercedes","pirelli",false,19,"35:21.161",2121161,,,"+19.864",19864,,"+1.058",1058,,2,false,17,"17",17,"17",10,,false,false,false
1096,2023,17,8,8,"8","14","fernando-alonso","aston-martin","mercedes","pirelli",false,19,"35:22.477",2122477,,,"+21.180",21180,,"+1.316",1316,,1,false,9,"9",9,"9",1,,false,false,false
1096,2023,17,9,9,"9","10","pierre-gasly","alpine","renault","pirelli",false,19,"35:23.039",2123039,,,"+21.742",21742,,"+0.562",562,,,false,11,"11",11,"11",2,,false,false,false
1096,2023,17,10,10,"10","77","valtteri-bottas","alfa-romeo","ferrari","pirelli",false,19,"35:23.505",2123505,,,"+22.208",22208,,"+0.466",466,,,false,13,"13",13,"13",3,,false,false,false
1096,2023,17,11,11,"11","22","yuki-tsunoda","alphatauri","honda-rbpt","pirelli",false,19,"35:24.160",2124160,,,"+22.863",22863,,"+0.655",655,,,false,18,"18",18,"18",7,,false,false,false
1096,2023,17,12,12,"12","16","charles-leclerc","ferrari","ferrari","pirelli",false,19,"35:26.157",2126157,"5.000",5000,"+24.860",24860,,"+1.997",1997,,,false,6,"6",6,"6",-6,,false,false,false
1096,2023,17,13,13,"13","20","kevin-magnussen","haas","ferrari","pirelli",false,19,"35:26.267",2126267,,,"+24.970",24970,,"+0.110",110,,,false,19,"19",19,"19",6,,false,false,false
1096,2023,17,14,14,"14","24","guanyu-zhou","alfa-romeo","ferrari","pirelli",false,19,"35:28.165",2128165,,,"+26.868",26868,,"+1.898",1898,,,false,15,"15",15,"15",1,,false,false,false
1096,2023,17,15,15,"15","18","lance-stroll","aston-martin","mercedes","pirelli",false,19,"35:30.820",2130820,"5.000",5000,"+29.523",29523,,"+2.655",2655,,,false,16,"16",16,"16",1,,false,false,false
1096,2023,17,16,,"DNF","27","nico-hulkenberg","haas","ferrari","pirelli",false,11,,,,,,,,,,,,false,7,"7",7,"7",,,false,false,false
1096,2023,17,17,,"DNF","31","esteban-ocon","alpine","renault","pirelli",false,10,,,,,,,,,,,,false,10,"10",10,"10",,,false,false,false
1096,2023,17,18,,"DNF","11","sergio-perez","red-bull","honda-rbpt","pirelli",false,10,,,,,,,,,,,,false,8,"8",8,"8",,,false,false,false
1096,2023,17,19,,"DNF","2","logan-sargeant","williams","mercedes","pirelli",false,2,,,,,,,,,,,,false,,"NC",20,"20",,,false,false,false
1096,2023,17,20,,"DNF","40","liam-lawson","alphatauri","honda-rbpt","pirelli",false,0,,,,,,,,,,,,false,14,"14",14,"14",,,false,false,false
1097,2023,18,1,1,"1","1","max-verstappen","red-bull","honda-rbpt","pirelli",false,19,"31:30.849",1890849,,,,,,,,,8,false,1,"1",1,"1",0,,false,false,false
1097,2023,18,2,2,"2","44","lewis-hamilton","mercedes","mercedes","pirelli",false,19,"31:40.314",1900314,,,"+9.465",9465,,"+9.465",9465,,7,false,3,"3",3,"3",1,,false,false,false
1097,2023,18,3,3,"3","16","charles-leclerc","ferrari","ferrari","pirelli",false,19,"31:48.836",1908836,,,"+17.987",17987,,"+8.522",8522,,6,false,2,"2",2,"2",-1,,false,false,false
1097,2023,18,4,4,"4","4","lando-norris","mclaren","mercedes","pirelli",false,19,"31:49.712",1909712,,,"+18.863",18863,,"+0.876",876,,5,false,4,"4",4,"4",0,,false,false,false
1097,2023,18,5,5,"5","11","sergio-perez","red-bull","honda-rbpt","pirelli",false,19,"31:53.777",1913777,,,"+22.928",22928,,"+4.065",4065,,4,false,7,"7",7,"7",2,,false,false,false
1097,2023,18,6,6,"6","55","carlos-sainz-jr","ferrari","ferrari","pirelli",false,19,"31:59.156",1919156,,,"+28.307",28307,,"+5.379",5379,,3,false,6,"6",6,"6",0,,false,false,false
1097,2023,18,7,7,"7","10","pierre-gasly","alpine","renault","pirelli",false,19,"32:03.252",1923252,,,"+32.403",32403,,"+4.096",4096,,2,false,10,"10",9,"9",2,,false,false,false
1097,2023,18,8,8,"8","63","george-russell","mercedes","mercedes","pirelli",false,19,"32:05.099",1925099,"5.000",5000,"+34.250",34250,,"+1.847",1847,,1,false,8,"8",11,"11",3,,false,false,false
1097,2023,18,9,9,"9","23","alexander-albon","williams","mercedes","pirelli",false,19,"32:05.416",1925416,,,"+34.567",34567,,"+0.317",317,,,false,9,"9",8,"8",-1,,false,false,false
1097,2023,18,10,10,"10","81","oscar-piastri","mclaren","mercedes","pirelli",false,19,"32:13.252",1933252,,,"+42.403",42403,,"+7.836",7836,,,false,5,"5",5,"5",-5,,false,false,false
1097,2023,18,11,11,"11","31","esteban-ocon","alpine","renault","pirelli",false,19,"32:15.835",1935835,,,"+44.986",44986,,"+2.583",2583,,,false,13,"13",13,"13",2,,false,false,false
1097,2023,18,12,12,"12","3","daniel-ricciardo","alphatauri","honda-rbpt","pirelli",false,19,"32:16.358",1936358,,,"+45.509",45509,,"+0.523",523,,,false,11,"11",10,"10",-2,,false,false,false
1097,2023,18,13,13,"13","14","fernando-alonso","aston-martin","mercedes","pirelli",false,19,"32:19.935",1939935,,,"+49.086",49086,,"+3.577",3577,,,false,12,"12",12,"12",-1,,false,false,false
1097,2023,18,14,14,"14","22","yuki-tsunoda","alphatauri","honda-rbpt","pirelli",false,19,"32:20.582",1940582,,,"+49.733",49733,,"+0.647",647,,,false,19,"19",19,"19",5,,false,false,false
1097,2023,18,15,15,"15","27","nico-hulkenberg","haas","ferrari","pirelli",false,19,"32:27.499",1947499,,,"+56.650",56650,,"+6.917",6917,,,false,16,"16",16,"16",1,,false,false,false
1097,2023,18,16,16,"16","77","valtteri-bottas","alfa-romeo","ferrari","pirelli",false,19,"32:35.250",1955250,,,"+1:04.401",64401,,"+7.751",7751,,,false,18,"18",18,"18",2,,false,false,false
1097,2023,18,17,17,"17","24","guanyu-zhou","alfa-romeo","ferrari","pirelli",false,19,"32:38.821",1958821,"5.000",5000,"+1:07.972",67972,,"+3.571",3571,,,false,15,"15",15,"15",-2,,false,false,false
1097,2023,18,18,18,"18","20","kevin-magnussen","haas","ferrari","pirelli",false,19,"32:41.971",1961971,,,"+1:11.122",71122,,"+3.150",3150,,,false,17,"17",17,"17",-1,,false,false,false
1097,2023,18,19,19,"19","2","logan-sargeant","williams","mercedes","pirelli",false,19,"32:42.298",1962298,,,"+1:11.449",71449,,"+0.327",327,,,false,20,"20",20,"20",1,,false,false,false
1097,2023,18,20,,"DNF","18","lance-stroll","aston-martin","mercedes","pirelli",false,16,,,,,,,,,,"Brakes",,false,14,"14",14,"14",,,false,false,false
1099,2023,20,1,1,"1","1","max-verstappen","red-bull","honda-rbpt","pirelli",false,24,"30:07.209",1807209,,,,,,,,,8,false,2,"2",2,"2",1,,false,false,false
1099,2023,20,2,2,"2","4","lando-norris","mclaren","mercedes","pirelli",false,24,"30:11.496",1811496,,,"+4.287",4287,,"+4.287",4287,,7,false,1,"1",1,"1",-1,,false,false,false
1099,2023,20,3,3,"3","11","sergio-perez","red-bull","honda-rbpt","pirelli",false,24,"30:20.826",1820826,,,"+13.617",13617,,"+9.330",9330,,6,false,3,"3",3,"3",0,,false,false,false
1099,2023,20,4,4,"4","63","george-russell","mercedes","mercedes","pirelli",false,24,"30:33.088",1833088,,,"+25.879",25879,,"+12.262",12262,,5,false,4,"4",4,"4",0,,false,false,false
1099,2023,20,5,5,"5","16","charles-leclerc","ferrari","ferrari","pirelli",false,24,"30:35.769",1835769,,,"+28.560",28560,,"+2.681",2681,,4,false,7,"7",7,"7",2,,false,false,false
1099,2023,20,6,6,"6","22","yuki-tsunoda","alphatauri","honda-rbpt","pirelli",false,24,"30:36.419",1836419,,,"+29.210",29210,,"+0.650",650,,3,false,6,"6",6,"6",0,,false,false,false
1099,2023,20,7,7,"7","44","lewis-hamilton","mercedes","mercedes","pirelli",false,24,"30:41.935",1841935,,,"+34.726",34726,,"+5.516",5516,,2,false,5,"5",5,"5",-2,,false,false,false
1099,2023,20,8,8,"8","55","carlos-sainz-jr","ferrari","ferrari","pirelli",false,24,"30:42.315",1842315,,,"+35.106",35106,,"+0.380",380,,1,false,9,"9",9,"9",1,,false,false,false
1099,2023,20,9,9,"9","3","daniel-ricciardo","alphatauri","honda-rbpt","pirelli",false,24,"30:42.512",1842512,,,"+35.303",35303,,"+0.197",197,,,false,8,"8",8,"8",-1,,false,false,false
1099,2023,20,10,10,"10","81","oscar-piastri","mclaren","mercedes","pirelli",false,24,"30:45.428",1845428,,,"+38.219",38219,,"+2.916",2916,,,false,10,"10",10,"10",0,,false,false,false
1099,2023,20,11,11,"11","14","fernando-alonso","aston-martin","mercedes","pirelli",false,24,"30:46.270",1846270,,,"+39.061",39061,,"+0.842",842,,,false,15,"15",15,"15",4,,false,false,false
1099,2023,20,12,12,"12","18","lance-stroll","aston-martin","mercedes","pirelli",false,24,"30:46.687",1846687,,,"+39.478",39478,,"+0.417",417,,,false,17,"17",17,"17",5,,false,false,false
1099,2023,20,13,13,"13","10","pierre-gasly","alpine","renault","pirelli",false,24,"30:47.830",1847830,,,"+40.621",40621,,"+1.143",1143,,,false,13,"13",13,"13",0,,false,false,false
1099,2023,20,14,14,"14","31","esteban-ocon","alpine","renault","pirelli",false,24,"30:50.057",1850057,,,"+42.848",42848,,"+2.227",2227,,,false,16,"16",16,"16",2,,false,false,false
1099,2023,20,15,15,"15","23","alexander-albon","williams","mercedes","pirelli",false,24,"30:50.603",1850603,,,"+43.394",43394,,"+0.546",546,,,false,19,"19",19,"19",4,,false,false,false
1099,2023,20,16,16,"16","20","kevin-magnussen","haas","ferrari","pirelli",false,24,"31:03.716",1863716,,,"+56.507",56507,,"+13.113",13113,,,false,11,"11",11,"11",-5,,false,false,false
1099,2023,20,17,17,"17","24","guanyu-zhou","alfa-romeo","ferrari","pirelli",false,24,"31:05.932",1865932,,,"+58.723",58723,,"+2.216",2216,,,false,18,"18",18,"18",1,,false,false,false
1099,2023,20,18,18,"18","27","nico-hulkenberg","haas","ferrari","pirelli",false,24,"31:07.539",1867539,,,"+1:00.330",60330,,"+1.607",1607,,,false,12,"12",12,"12",-6,,false,false,false
1099,2023,20,19,19,"19","77","valtteri-bottas","alfa-romeo","ferrari","pirelli",false,24,"31:07.958",1867958,,,"+1:00.749",60749,,"+0.419",419,,,false,14,"14",14,"14",-5,,false,false,false
1099,2023,20,20,20,"20","2","logan-sargeant","williams","mercedes","pirelli",false,24,"31:08.154",1868154,,,"+1:00.945",60945,,"+0.196",196,,,false,20,"20",20,"20",0,,false,false,false
1106,2024,5,1,1,"1","1","max-verstappen","red-bull","honda-rbpt","pirelli",false,19,"32:04.660",1924660,,,,,,,,,8,false,4,"4",4,"4",3,,false,false,false
1106,2024,5,2,2,"2","44","lewis-hamilton","mercedes","mercedes","pirelli",false,19,"32:17.703",1937703,,,"+13.043",13043,,"+13.043",13043,,7,false,2,"2",2,"2",0,,false,false,false
1106,2024,5,3,3,"3","11","sergio-perez","red-bull","honda-rbpt","pirelli",false,19,"32:19.918",1939918,,,"+15.258",15258,,"+2.215",2215,,6,false,6,"6",6,"6",3,,false,false,false
1106,2024,5,4,4,"4","16","charles-leclerc","ferrari","ferrari","pirelli",false,19,"32:22.146",1942146,,,"+17.486",17486,,"+2.228",2228,,5,false,7,"7",7,"7",3,,false,false,false
1106,2024,5,5,5,"5","55","carlos-sainz-jr","ferrari","ferrari","pirelli",false,19,"32:25.356",1945356,,,"+20.696",20696,,"+3.210",3210,,4,false,5,"5",5,"5",0,,false,false,false
1106,2024,5,6,6,"6","4","lando-norris","mclaren","mercedes","pirelli",false,19,"32:26.748",1946748,,,"+22.088",22088,,"+1.392",1392,,3,false,1,"1",1,"1",-5,,false,false,false
1106,2024,5,7,7,"7","81","oscar-piastri","mclaren","mercedes","pirelli",false,19,"32:29.373",1949373,,,"+24.713",24713,,"+2.625",2625,,2,false,8,"8",8,"8",1,,false,false,false
1106,2024,5,8,8,"8","63","george-russell","mercedes","mercedes","pirelli",false,19,"32:30.356",1950356,,,"+25.696",25696,,"+0.983",983,,1,false,11,"11",11,"11",3,,false,false,false
1106,2024,5,9,9,"9","24","guanyu-zhou","kick-sauber","ferrari","pirelli",false,19,"32:36.611",1956611,,,"+31.951",31951,,"+6.255",6255,,,false,10,"10",10,"10",1,,false,false,false
1106,2024,5,10,10,"10","20","kevin-magnussen","haas","ferrari","pirelli",false,19,"32:42.058",1962058,,,"+37.398",37398,,"+5.447",5447,,,false,12,"12",12,"12",2,,false,false,false
1106,2024,5,11,11,"11","3","daniel-ricciardo","rb","honda-rbpt","pirelli",false,19,"32:42.500",1962500,,,"+37.840",37840,,"+0.442",442,,,false,14,"14",14,"14",3,,false,false,false
1106,2024,5,12,12,"12","77","valtteri-bottas","kick-sauber","ferrari","pirelli",false,19,"32:42.955",1962955,,,"+38.295",38295,,"+0.455",455,,,false,9,"9",9,"9",-3,,false,false,false
1106,2024,5,13,13,"13","31","esteban-ocon","alpine","renault","pirelli",false,19,"32:44.501",1964501,,,"+39.841",39841,,"+1.546",1546,,,false,17,"17",17,"17",4,,false,false,false
1106,2024,5,14,14,"14","18","lance-stroll","aston-martin","mercedes","pirelli",false,19,"32:44.959",1964959,,,"+40.299",40299,,"+0.458",458,,,false,15,"15",15,"15",1,,false,false,false
1106,2024,5,15,15,"15","10","pierre-gasly","alpine","renault","pirelli",false,19,"32:45.498",1965498,,,"+40.838",40838,,"+0.539",539,,,false,16,"16",16,"16",1,,false,false,false
1106,2024,5,16,16,"16","22","yuki-tsunoda","rb","honda-rbpt","pirelli",false,19,"32:46.530",1966530,,,"+41.870",41870,,"+1.032",1032,,,false,19,"19",19,"19",3,,false,false,false
1106,2024,5,17,17,"17","23","alexander-albon","williams","mercedes","pirelli",false,19,"32:47.658",1967658,,,"+42.998",42998,,"+1.128",1128,,,false,18,"18",18,"18",1,,false,false,false
1106,2024,5,18,18,"18","2","logan-sargeant","williams","mercedes","pirelli",false,19,"32:51.012",1971012,,,"+46.352",46352,,"+3.354",3354,,,false,20,"20",20,"20",2,,false,false,false
1106,2024,5,19,19,"19","27","nico-hulkenberg","haas","ferrari","pirelli",false,19,"32:54.290",1974290,,,"+49.630",49630,,"+3.278",3278,,,false,13,"13",13,"13",-6,,false,false,false
1106,2024,5,20,20,"20","14","fernando-alonso","aston-martin","mercedes","pirelli",false,17,,,"10.000",10000,,,,,,"Collision damage",,false,3,"3",3,"3",-17,,false,false,false
1107,2024,6,1,1,"1","1","max-verstappen","red-bull","honda-rbpt","pirelli",false,19,"31:31.383",1891383,,,,,,,,,8,false,1,"1",1,"1",0,,false,false,false
1107,2024,6,2,2,"2","16","charles-leclerc","ferrari","ferrari","pirelli",false,19,"31:34.754",1894754,,,"+3.371",3371,,"+3.371",3371,,7,false,2,"2",2,"2",0,,false,false,false
1107,2024,6,3,3,"3","11","sergio-perez","red-bull","honda-rbpt","pirelli",false,19,"31:36.478",1896478,,,"+5.095",5095,,"+1.724",1724,,6,false,3,"3",3,"3",0,,false,false,false
1107,2024,6,4,4,"4","3","daniel-ricciardo","rb","honda-rbpt","pirelli",false,19,"31:46.354",1906354,,,"+14.971",14971,,"+9.876",9876,,5,false,4,"4",4,"4",0,,false,false,false
1107,2024,6,5,5,"5","55","carlos-sainz-jr","ferrari","ferrari","pirelli",false,19,"31:46.605",1906605,,,"+15.222",15222,,"+0.251",251,,4,false,5,"5",5,"5",0,,false,false,false
1107,2024,6,6,6,"6","81","oscar-piastri","mclaren","mercedes","pirelli",false,19,"31:47.133",1907133,,,"+15.750",15750,,"+0.528",528,,3,false,6,"6",6,"6",0,,false,false,false
1107,2024,6,7,7,"7","27","nico-hulkenberg","haas","ferrari","pirelli",false,19,"31:53.437",1913437,,,"+22.054",22054,,"+6.304",6304,,2,false,10,"10",10,"10",3,,false,false,false
1107,2024,6,8,8,"8","22","yuki-tsunoda","rb","honda-rbpt","pirelli",false,19,"32:01.199",1921199,,,"+29.816",29816,,"+7.762",7762,,1,false,15,"15",15,"15",7,,false,false,false
1107,2024,6,9,9,"9","10","pierre-gasly","alpine","renault","pirelli",false,19,"32:03.263",1923263,,,"+31.880",31880,,"+2.064",2064,,,false,16,"16",16,"16",7,,false,false,false
1107,2024,6,10,10,"10","2","logan-sargeant","williams","mercedes","pirelli",false,19,"32:05.738",1925738,,,"+34.355",34355,,"+2.475",2475,,,false,19,"19",18,"18",8,,false,false,false
1107,2024,6,11,11,"11","24","guanyu-zhou","kick-sauber","ferrari","pirelli",false,19,"32:06.461",1926461,,,"+35.078",35078,,"+0.723",723,,,false,17,"17",17,"17",6,,false,false,false
1107,2024,6,12,12,"12","63","george-russell","mercedes","mercedes","pirelli",false,19,"32:07.138",1927138,,,"+35.755",35755,,"+0.677",677,,,false,11,"11",11,"11",-1,,false,false,false
1107,2024,6,13,13,"13","23","alexander-albon","williams","mercedes","pirelli",false,19,"32:07.469",1927469,,,"+36.086",36086,,"+0.331",331,,,false,20,"20",,"PL",7,,false,false,false
1107,2024,6,14,14,"14","77","valtteri-bottas","kick-sauber","ferrari","pirelli",false,19,"32:08.275",1928275,,,"+36.892",36892,,"+0.806",806,,,false,18,"18",19,"19",5,,false,false,false
1107,2024,6,15,15,"15","31","esteban-ocon","alpine","renault","pirelli",false,19,"32:09.123",1929123,,,"+37.740",37740,,"+0.848",848,,,false,13,"13",13,"13",-2,,false,false,false
1107,2024,6,16,16,"16","44","lewis-hamilton","mercedes","mercedes","pirelli",false,19,"32:20.730",1940730,"20.000",20000,"+49.347",49347,,"+11.607",11607,,,false,12,"12",12,"12",-4,,false,false,false
1107,2024,6,17,17,"17","14","fernando-alonso","aston-martin","mercedes","pirelli",false,19,"32:30.792",1950792,,,"+59.409",59409,,"+10.062",10062,,,false,8,"8",8,"8",-9,,false,false,false
1107,2024,6,18,18,"18","20","kevin-magnussen","haas","ferrari","pirelli",false,19,"32:37.686",1957686,"35.000",35000,"+1:06.303",66303,,"+6.894",6894,,,false,14,"14",14,"14",-4,,false,false,false
1107,2024,6,19,,"DNF","18","lance-stroll","aston-martin","mercedes","pirelli",false,1,,,,,,,,,,"Collision",,false,7,"7",7,"7",,,false,false,false
1107,2024,6,20,,"DNF","4","lando-norris","mclaren","mercedes","pirelli",false,0,,,,,,,,,,"Collision",,false,9,"9",9,"9",,,false,false,false
1112,2024,11,1,1,"1","1","max-verstappen","red-bull","honda-rbpt","pirelli",false,23,"26:41.389",1601389,,,,,,,,,8,false,1,"1",1,"1",0,,false,false,false
1112,2024,11,2,2,"2","81","oscar-piastri","mclaren","mercedes","pirelli",false,23,"26:46.005",1606005,,,"+4.616",4616,,"+4.616",4616,,7,false,3,"3",3,"3",1,,false,false,false
1112,2024,11,3,3,"3","4","lando-norris","mclaren","mercedes","pirelli",false,23,"26:46.737",1606737,,,"+5.348",5348,,"+0.732",732,,6,false,2,"2",2,"2",-1,,false,false,false
1112,2024,11,4,4,"4","63","george-russell","mercedes","mercedes","pirelli",false,23,"26:49.743",1609743,,,"+8.354",8354,,"+3.006",3006,,5,false,4,"4",4,"4",0,,false,false,false
1112,2024,11,5,5,"5","55","carlos-sainz-jr","ferrari","ferrari","pirelli",false,23,"26:51.378",1611378,,,"+9.989",9989,,"+1.635",1635,,4,false,5,"5",5,"5",0,,false,false,false
1112,2024,11,6,6,"6","44","lewis-hamilton","mercedes","mercedes","pirelli",false,23,"26:52.596",1612596,,,"+11.207",11207,,"+1.218",1218,,3,false,6,"6",6,"6",0,,false,false,false
1112,2024,11,7,7,"7","16","charles-leclerc","ferrari","ferrari","pirelli",false,23,"26:54.813",1614813,,,"+13.424",13424,,"+2.217",2217,,2,false,10,"10",10,"10",3,,false,false,false
1112,2024,11,8,8,"8","11","sergio-perez","red-bull","honda-rbpt","pirelli",false,23,"26:58.798",1618798,,,"+17.409",17409,,"+3.985",3985,,1,false,7,"7",7,"7",-1,,false,false,false
1112,2024,11,9,9,"9","20","kevin-magnussen","haas","ferrari","pirelli",false,23,"27:05.456",1625456,,,"+24.067",24067,,"+6.658",6658,,,false,11,"11",11,"11",2,,false,false,false
1112,2024,11,10,10,"10","18","lance-stroll","aston-martin","mercedes","pirelli",false,23,"27:11.564",1631564,,,"+30.175",30175,,"+6.108",6108,,,false,12,"12",12,"12",2,,false,false,false
1112,2024,11,11,11,"11","31","esteban-ocon","alpine","renault","pirelli",false,23,"27:12.228",1632228,,,"+30.839",30839,,"+0.664",664,,,false,8,"8",8,"8",-3,,false,false,false
1112,2024,11,12,12,"12","10","pierre-gasly","alpine","renault","pirelli",false,23,"27:12.697",1632697,,,"+31.308",31308,,"+0.469",469,,,false,9,"9",9,"9",-3,,false,false,false
1112,2024,11,13,13,"13","22","yuki-tsunoda","rb","honda-rbpt","pirelli",false,23,"27:16.841",1636841,,,"+35.452",35452,,"+4.144",4144,,,false,14,"14",14,"14",1,,false,false,false
1112,2024,11,14,14,"14","3","daniel-ricciardo","rb","honda-rbpt","pirelli",false,23,"27:20.786",1640786,,,"+39.397",39397,,"+3.945",3945,,,false,16,"16",16,"16",2,,false,false,false
1112,2024,11,15,15,"15","14","fernando-alonso","aston-martin","mercedes","pirelli",false,23,"27:24.544",1644544,,,"+43.155",43155,,"+3.758",3758,,,false,13,"13",13,"13",-2,,false,false,false
1112,2024,11,16,16,"16","2","logan-sargeant","williams","mercedes","pirelli",false,23,"27:25.465",1645465,,,"+44.076",44076,,"+0.921",921,,,false,15,"15",15,"15",-1,,false,false,false
1112,2024,11,17,17,"17","23","alexander-albon","williams","mercedes","pirelli",false,23,"27:26.062",1646062,,,"+44.673",44673,,"+0.597",597,,,false,19,"19",,"PL",3,,false,false,false
1112,2024,11,18,18,"18","77","valtteri-bottas","kick-sauber","ferrari","pirelli",false,23,"27:27.900",1647900,,,"+46.511",46511,,"+1.838",1838,,,false,18,"18",18,"18",0,,false,false,false
1112,2024,11,19,19,"19","27","nico-hulkenberg","haas","ferrari","pirelli",false,23,"27:29.812",1649812,"10.000",10000,"+48.423",48423,,"+1.912",1912,,,false,17,"17",17,"17",-2,,false,false,false
1112,2024,11,20,20,"20","24","guanyu-zhou","kick-sauber","ferrari","pirelli",false,23,"27:34.532",1654532,,,"+53.143",53143,,"+4.720",4720,,,false,20,"20",19,"19",-1,,false,false,false
1120,2024,19,1,1,"1","1","max-verstappen","red-bull","honda-rbpt","pirelli",false,19,"31:06.146",1866146,,,,,,,,,8,false,1,"1",1,"1",0,,false,false,false
1120,2024,19,2,2,"2","55","carlos-sainz-jr","ferrari","ferrari","pirelli",false,19,"31:10.028",1870028,,,"+3.882",3882,,"+3.882",3882,,7,false,5,"5",5,"5",3,,false,false,false
1120,2024,19,3,3,"3","4","lando-norris","mclaren","mercedes","pirelli",false,19,"31:12.386",1872386,,,"+6.240",6240,,"+2.358",2358,,6,false,4,"4",4,"4",1,,false,false,false
1120,2024,19,4,4,"4","16","charles-leclerc","ferrari","ferrari","pirelli",false,19,"31:13.102",1873102,,,"+6.956",6956,,"+0.716",716,,5,false,3,"3",3,"3",-1,,false,false,false
1120,2024,19,5,5,"5","63","george-russell","mercedes","mercedes","pirelli",false,19,"31:21.912",1881912,,,"+15.766",15766,,"+8.810",8810,,4,false,2,"2",2,"2",-3,,false,false,false
1120,2024,19,6,6,"6","44","lewis-hamilton","mercedes","mercedes","pirelli",false,19,"31:24.870",1884870,,,"+18.724",18724,,"+2.958",2958,,3,false,7,"7",7,"7",1,,false,false,false
1120,2024,19,7,7,"7","20","kevin-magnussen","haas","ferrari","pirelli",false,19,"31:31.307",1891307,,,"+25.161",25161,,"+6.437",6437,,2,false,8,"8",8,"8",1,,false,false,false
1120,2024,19,8,8,"8","27","nico-hulkenberg","haas","ferrari","pirelli",false,19,"31:32.734",1892734,,,"+26.588",26588,,"+1.427",1427,,1,false,6,"6",6,"6",-2,,false,false,false
1120,2024,19,9,9,"9","11","sergio-perez","red-bull","honda-rbpt","pirelli",false,19,"31:36.096",1896096,,,"+29.950",29950,,"+3.362",3362,,,false,11,"11",11,"11",2,,false,false,false
1120,2024,19,10,10,"10","81","oscar-piastri","mclaren","mercedes","pirelli",false,19,"31:43.205",1903205,"5.000",5000,"+37.059",37059,,"+7.109",7109,,,false,16,"16",16,"16",6,,false,false,false
1120,2024,19,11,11,"11","22","yuki-tsunoda","rb","honda-rbpt","pirelli",false,19,"31:44.509",1904509,,,"+38.363",38363,,"+1.304",1304,,,false,9,"9",9,"9",-2,,false,false,false
1120,2024,19,12,12,"12","43","franco-colapinto","williams","mercedes","pirelli",false,19,"31:45.606",1905606,,,"+39.460",39460,,"+1.097",1097,,,false,10,"10",10,"10",-2,,false,false,false
1120,2024,19,13,13,"13","18","lance-stroll","aston-martin","mercedes","pirelli",false,19,"31:47.382",1907382,,,"+41.236",41236,,"+1.776",1776,,,false,13,"13",13,"13",0,,false,false,false
1120,2024,19,14,14,"14","10","pierre-gasly","alpine","renault","pirelli",false,19,"31:48.141",1908141,,,"+41.995",41995,,"+0.759",759,,,false,12,"12",12,"12",-2,,false,false,false
1120,2024,19,15,15,"15","31","esteban-ocon","alpine","renault","pirelli",false,19,"31:48.950",1908950,,,"+42.804",42804,,"+0.809",809,,,false,17,"17",17,"17",2,,false,false,false
1120,2024,19,16,16,"16","30","liam-lawson","rb","honda-rbpt","pirelli",false,19,"31:50.154",1910154,,,"+44.008",44008,,"+1.204",1204,,,false,15,"15",15,"15",-1,,false,false,false
1120,2024,19,17,17,"17","23","alexander-albon","williams","mercedes","pirelli",false,19,"31:50.710",1910710,,,"+44.564",44564,,"+0.556",556,,,false,18,"18",,"PL",3,,false,false,false
1120,2024,19,18,18,"18","14","fernando-alonso","aston-martin","mercedes","pirelli",false,19,"31:52.953",1912953,,,"+46.807",46807,,"+2.243",2243,,,false,14,"14",14,"14",-4,,false,false,false
1120,2024,19,19,19,"19","24","guanyu-zhou","kick-sauber","ferrari","pirelli",false,19,"31:58.988",1918988,,,"+52.842",52842,,"+6.035",6035,,,false,20,"20",19,"19",0,,false,false,false
1120,2024,19,20,20,"20","77","valtteri-bottas","kick-sauber","ferrari","pirelli",false,19,"32:00.622",1920622,,,"+54.476",54476,,"+1.634",1634,,,false,19,"19",18,"18",-2,,false,false,false
1122,2024,21,1,1,"1","4","lando-norris","mclaren","mercedes","pirelli",false,24,"29:46.045",1786045,,,,,,,,,8,false,2,"2",2,"2",1,,false,false,false
1122,2024,21,2,2,"2","81","oscar-piastri","mclaren","mercedes","pirelli",false,24,"29:46.638",1786638,,,"+0.593",593,,"+0.593",593,,7,false,1,"1",1,"1",-1,,false,false,false
1122,2024,21,3,3,"3","16","charles-leclerc","ferrari","ferrari","pirelli",false,24,"29:51.701",1791701,,,"+5.656",5656,,"+5.063",5063,,6,false,3,"3",3,"3",0,,false,false,false
1122,2024,21,4,4,"4","1","max-verstappen","red-bull","honda-rbpt","pirelli",false,24,"29:52.542",1792542,"5.000",5000,"+6.497",6497,,"+0.841",841,,5,false,4,"4",4,"4",0,,false,false,false
1122,2024,21,5,5,"5","55","carlos-sainz-jr","ferrari","ferrari","pirelli",false,24,"29:53.269",1793269,,,"+7.224",7224,,"+0.727",727,,4,false,5,"5",5,"5",0,,false,false,false
1122,2024,21,6,6,"6","63","george-russell","mercedes","mercedes","pirelli",false,24,"29:58.520",1798520,,,"+12.475",12475,,"+5.251",5251,,3,false,6,"6",6,"6",0,,false,false,false
1122,2024,21,7,7,"7","10","pierre-gasly","alpine","renault","pirelli",false,24,"30:04.206",1804206,,,"+18.161",18161,,"+5.686",5686,,2,false,7,"7",7,"7",0,,false,false,false
1122,2024,21,8,8,"8","11","sergio-perez","red-bull","honda-rbpt","pirelli",false,24,"30:04.762",1804762,,,"+18.717",18717,,"+0.556",556,,1,false,13,"13",13,"13",5,,false,false,false
1122,2024,21,9,9,"9","30","liam-lawson","rb","honda-rbpt","pirelli",false,24,"30:06.818",1806818,,,"+20.773",20773,,"+2.056",2056,,,false,8,"8",8,"8",-1,,false,false,false
1122,2024,21,10,10,"10","23","alexander-albon","williams","mercedes","pirelli",false,24,"30:10.651",1810651,,,"+24.606",24606,,"+3.833",3833,,,false,9,"9",9,"9",-1,,false,false,false
1122,2024,21,11,11,"11","44","lewis-hamilton","mercedes","mercedes","pirelli",false,24,"30:15.809",1815809,,,"+29.764",29764,,"+5.158",5158,,,false,11,"11",11,"11",0,,false,false,false
1122,2024,21,12,12,"12","43","franco-colapinto","williams","mercedes","pirelli",false,24,"30:19.278",1819278,,,"+33.233",33233,,"+3.469",3469,,,false,14,"14",14,"14",2,,false,false,false
1122,2024,21,13,13,"13","31","esteban-ocon","alpine","renault","pirelli",false,24,"30:20.173",1820173,,,"+34.128",34128,,"+0.895",895,,,false,17,"17",16,"16",3,,false,false,false
1122,2024,21,14,14,"14","50","oliver-bearman","haas","ferrari","pirelli",false,24,"30:21.552",1821552,,,"+35.507",35507,,"+1.379",1379,,,false,10,"10",10,"10",-4,,false,false,false
1122,2024,21,15,15,"15","22","yuki-tsunoda","rb","honda-rbpt","pirelli",false,24,"30:27.419",1827419,,,"+41.374",41374,,"+5.867",5867,,,false,18,"18",17,"17",2,,false,false,false
1122,2024,21,16,16,"16","77","valtteri-bottas","kick-sauber","ferrari","pirelli",false,24,"30:29.276",1829276,,,"+43.231",43231,,"+1.857",1857,,,false,15,"15",15,"15",-1,,false,false,false
1122,2024,21,17,17,"17","24","guanyu-zhou","kick-sauber","ferrari","pirelli",false,24,"30:40.184",1840184,,,"+54.139",54139,,"+10.908",10908,,,false,20,"20",,"PL",3,,false,false,false
1122,2024,21,18,18,"18","14","fernando-alonso","aston-martin","mercedes","pirelli",false,24,"30:42.582",1842582,,,"+56.537",56537,,"+2.398",2398,,,false,16,"16",,"PL",0,,false,false,false
1122,2024,21,19,19,"19","18","lance-stroll","aston-martin","mercedes","pirelli",false,24,"30:44.028",1844028,,,"+57.983",57983,,"+1.446",1446,,,false,19,"19",,"PL",0,,false,false,false
1122,2024,21,20,,"DNF","27","nico-hulkenberg","haas","ferrari","pirelli",false,19,,,,,,,,,,"Gearbox",,false,12,"12",12,"12",,,false,false,false
1124,2024,23,1,1,"1","81","oscar-piastri","mclaren","mercedes","pirelli",false,19,"27:03.010",1623010,,,,,,,,,8,false,3,"3",3,"3",2,,false,false,false
1124,2024,23,2,2,"2","4","lando-norris","mclaren","mercedes","pirelli",false,19,"27:03.146",1623146,,,"+0.136",136,,"+0.136",136,,7,false,1,"1",1,"1",-1,,false,false,false
1124,2024,23,3,3,"3","63","george-russell","mercedes","mercedes","pirelli",false,19,"27:03.420",1623420,,,"+0.410",410,,"+0.274",274,,6,false,2,"2",2,"2",-1,,false,false,false
1124,2024,23,4,4,"4","55","carlos-sainz-jr","ferrari","ferrari","pirelli",false,19,"27:04.336",1624336,,,"+1.326",1326,,"+0.916",916,,5,false,4,"4",4,"4",0,,false,false,false
1124,2024,23,5,5,"5","16","charles-leclerc","ferrari","ferrari","pirelli",false,19,"27:08.083",1628083,,,"+5.073",5073,,"+3.747",3747,,4,false,5,"5",5,"5",0,,false,false,false
1124,2024,23,6,6,"6","44","lewis-hamilton","mercedes","mercedes","pirelli",false,19,"27:08.660",1628660,,,"+5.650",5650,,"+0.577",577,,3,false,7,"7",7,"7",1,,false,false,false
1124,2024,23,7,7,"7","27","nico-hulkenberg","haas","ferrari","pirelli",false,19,"27:11.518",1631518,,,"+8.508",8508,,"+2.858",2858,,2,false,9,"9",9,"9",2,,false,false,false
1124,2024,23,8,8,"8","1","max-verstappen","red-bull","honda-rbpt","pirelli",false,19,"27:13.378",1633378,,,"+10.368",10368,,"+1.860",1860,,1,false,6,"6",6,"6",-2,,false,false,false
1124,2024,23,9,9,"9","10","pierre-gasly","alpine","renault","pirelli",false,19,"27:17.523",1637523,,,"+14.513",14513,,"+4.145",4145,,,false,8,"8",8,"8",-1,,false,false,false
1124,2024,23,10,10,"10","20","kevin-magnussen","haas","ferrari","pirelli",false,19,"27:18.495",1638495,,,"+15.485",15485,,"+0.972",972,,,false,15,"15",15,"15",5,,false,false,false
1124,2024,23,11,11,"11","14","fernando-alonso","aston-martin","mercedes","pirelli",false,19,"27:22.214",1642214,,,"+19.204",19204,,"+3.719",3719,,,false,11,"11",11,"11",0,,false,false,false
1124,2024,23,12,12,"12","77","valtteri-bottas","kick-sauber","ferrari","pirelli",false,19,"27:26.361",1646361,,,"+23.351",23351,,"+4.147",4147,,,false,13,"13",13,"13",1,,false,false,false
1124,2024,23,13,13,"13","18","lance-stroll","aston-martin","mercedes","pirelli",false,19,"27:27.431",1647431,,,"+24.421",24421,,"+1.070",1070,,,false,14,"14",14,"14",1,,false,false,false
1124,2024,23,14,14,"14","31","esteban-ocon","alpine","renault","pirelli",false,19,"27:33.389",1653389,,,"+30.379",30379,,"+5.958",5958,,,false,18,"18",17,"17",3,,false,false,false
1124,2024,23,15,15,"15","23","alexander-albon","williams","mercedes","pirelli",false,19,"27:36.072",1656072,,,"+33.062",33062,,"+2.683",2683,,,false,12,"12",12,"12",-3,,false,false,false
1124,2024,23,16,16,"16","30","liam-lawson","rb","honda-rbpt","pirelli",false,19,"27:37.366",1657366,,,"+34.356",34356,,"+1.294",1294,,,false,10,"10",10,"10",-6,,false,false,false
1124,2024,23,17,17,"17","22","yuki-tsunoda","rb","honda-rbpt","pirelli",false,19,"27:38.112",1658112,,,"+35.102",35102,,"+0.746",746,,,false,17,"17",16,"16",-1,,false,false,false
1124,2024,23,18,18,"18","43","franco-colapinto","williams","mercedes","pirelli",false,19,"27:38.649",1658649,,,"+35.639",35639,,"+0.537",537,,,false,20,"20",,"PL",2,,false,false,false
1124,2024,23,19,19,"19","24","guanyu-zhou","kick-sauber","ferrari","pirelli",false,19,"28:14.446",1694446,,,"+1:11.436",71436,,"+35.797",35797,,,false,19,"19",18,"18",-1,,false,false,false
1124,2024,23,20,20,"20","11","sergio-perez","red-bull","honda-rbpt","pirelli",false,19,"28:17.381",1697381,,,"+1:14.371",74371,,"+2.935",2935,,,false,16,"16",,"PL",-1,,false,false,false
